999
"DXF R12 Output" (www.mydxf.blogspot.com)
 0 
SECTION
 2 
HEADER
 9 
$ACADVER
 1 
AC1009
 9 
$EXTMIN
 10 
 0 
 20 
 0 
 9 
$EXTMAX
 10 
 8.5 
 20 
 11 
 0 
ENDSEC
 0 
SECTION
 2 
ENTITIES
0
LINE
8
Layer 1
10
88.935800
20
443.348000
11
96.988000
21
444.624000
0
LINE
8
Layer 1
10
96.988000
20
444.624000
11
104.863000
21
446.734000
0
LINE
8
Layer 1
10
104.863000
20
446.734000
11
112.474000
21
449.655000
0
LINE
8
Layer 1
10
112.474000
20
449.655000
11
119.738000
21
453.357000
0
LINE
8
Layer 1
10
119.738000
20
453.357000
11
126.575000
21
457.797000
0
LINE
8
Layer 1
10
126.575000
20
457.797000
11
132.911000
21
462.927000
0
LINE
8
Layer 1
10
132.911000
20
462.927000
11
138.676000
21
468.692000
0
LINE
8
Layer 1
10
138.676000
20
468.692000
11
143.806000
21
475.028000
0
LINE
8
Layer 1
10
143.806000
20
475.028000
11
148.246000
21
481.865000
0
LINE
8
Layer 1
10
148.246000
20
481.865000
11
151.948000
21
489.129000
0
LINE
8
Layer 1
10
151.948000
20
489.129000
11
154.869000
21
496.740000
0
LINE
8
Layer 1
10
154.869000
20
496.740000
11
156.979000
21
504.615000
0
LINE
8
Layer 1
10
156.979000
20
504.615000
11
158.255000
21
512.667000
0
LINE
8
Layer 1
10
158.255000
20
512.667000
11
158.681000
21
520.809000
0
LINE
8
Layer 1
10
158.681000
20
520.809000
11
158.255000
21
528.950000
0
LINE
8
Layer 1
10
158.255000
20
528.950000
11
156.979000
21
537.002000
0
LINE
8
Layer 1
10
156.979000
20
537.002000
11
154.869000
21
544.877000
0
LINE
8
Layer 1
10
154.869000
20
544.877000
11
151.948000
21
552.488000
0
LINE
8
Layer 1
10
151.948000
20
552.488000
11
148.246000
21
559.752000
0
LINE
8
Layer 1
10
148.246000
20
559.752000
11
143.806000
21
566.590000
0
LINE
8
Layer 1
10
143.806000
20
566.590000
11
138.676000
21
572.925000
0
LINE
8
Layer 1
10
138.676000
20
572.925000
11
132.911000
21
578.690000
0
LINE
8
Layer 1
10
132.911000
20
578.690000
11
126.575000
21
583.821000
0
LINE
8
Layer 1
10
126.575000
20
583.821000
11
119.738000
21
588.261000
0
LINE
8
Layer 1
10
119.738000
20
588.261000
11
112.474000
21
591.962000
0
LINE
8
Layer 1
10
112.474000
20
591.962000
11
104.863000
21
594.884000
0
LINE
8
Layer 1
10
104.863000
20
594.884000
11
96.988000
21
596.994000
0
LINE
8
Layer 1
10
96.988000
20
596.994000
11
88.935800
21
598.269000
0
LINE
8
Layer 1
10
88.935800
20
598.269000
11
80.794400
21
598.696000
0
LINE
8
Layer 1
10
80.794400
20
598.696000
11
72.653000
21
598.269000
0
LINE
8
Layer 1
10
72.653000
20
598.269000
11
64.600800
21
596.994000
0
LINE
8
Layer 1
10
64.600800
20
596.994000
11
56.726000
21
594.884000
0
LINE
8
Layer 1
10
56.726000
20
594.884000
11
49.114900
21
591.962000
0
LINE
8
Layer 1
10
49.114900
20
591.962000
11
41.850900
21
588.261000
0
LINE
8
Layer 1
10
41.850900
20
588.261000
11
35.013500
21
583.821000
0
LINE
8
Layer 1
10
35.013500
20
583.821000
11
28.677800
21
578.690000
0
LINE
8
Layer 1
10
28.677800
20
578.690000
11
22.913100
21
572.925000
0
LINE
8
Layer 1
10
22.913100
20
572.925000
11
17.782500
21
566.590000
0
LINE
8
Layer 1
10
17.782500
20
566.590000
11
13.342300
21
559.752000
0
LINE
8
Layer 1
10
13.342300
20
559.752000
11
9.641050
21
552.488000
0
LINE
8
Layer 1
10
9.641050
20
552.488000
11
6.719450
21
544.877000
0
LINE
8
Layer 1
10
6.719450
20
544.877000
11
4.609390
21
537.002000
0
LINE
8
Layer 1
10
4.609390
20
537.002000
11
3.334060
21
528.950000
0
LINE
8
Layer 1
10
3.334060
20
528.950000
11
2.907380
21
520.809000
0
LINE
8
Layer 1
10
2.907380
20
520.809000
11
3.334060
21
512.667000
0
LINE
8
Layer 1
10
3.334060
20
512.667000
11
4.609390
21
504.615000
0
LINE
8
Layer 1
10
4.609390
20
504.615000
11
6.719450
21
496.740000
0
LINE
8
Layer 1
10
6.719450
20
496.740000
11
9.641050
21
489.129000
0
LINE
8
Layer 1
10
9.641050
20
489.129000
11
13.342300
21
481.865000
0
LINE
8
Layer 1
10
13.342300
20
481.865000
11
17.782500
21
475.028000
0
LINE
8
Layer 1
10
17.782500
20
475.028000
11
22.913100
21
468.692000
0
LINE
8
Layer 1
10
22.913100
20
468.692000
11
28.677800
21
462.927000
0
LINE
8
Layer 1
10
28.677800
20
462.927000
11
35.013500
21
457.797000
0
LINE
8
Layer 1
10
35.013500
20
457.797000
11
41.850900
21
453.357000
0
LINE
8
Layer 1
10
41.850900
20
453.357000
11
49.114900
21
449.655000
0
LINE
8
Layer 1
10
49.114900
20
449.655000
11
56.726000
21
446.734000
0
LINE
8
Layer 1
10
56.726000
20
446.734000
11
64.600800
21
444.624000
0
LINE
8
Layer 1
10
64.600800
20
444.624000
11
72.653000
21
443.348000
0
LINE
8
Layer 1
10
72.653000
20
443.348000
11
80.794400
21
442.922000
0
LINE
8
Layer 1
10
80.794400
20
442.922000
11
88.935800
21
443.348000
0
LINE
8
Layer 1
10
80.541700
20
596.765000
11
80.385500
21
596.906000
0
LINE
8
Layer 1
10
80.385500
20
596.906000
11
80.300000
21
597.098000
0
LINE
8
Layer 1
10
80.300000
20
597.098000
11
80.300000
21
597.308000
0
LINE
8
Layer 1
10
80.300000
20
597.308000
11
80.385500
21
597.500000
0
LINE
8
Layer 1
10
80.385500
20
597.500000
11
80.541700
21
597.641000
0
LINE
8
Layer 1
10
80.541700
20
597.641000
11
80.741500
21
597.706000
0
LINE
8
Layer 1
10
80.741500
20
597.706000
11
80.950600
21
597.684000
0
LINE
8
Layer 1
10
80.950600
20
597.684000
11
81.132600
21
597.579000
0
LINE
8
Layer 1
10
81.132600
20
597.579000
11
81.256100
21
597.409000
0
LINE
8
Layer 1
10
81.256100
20
597.409000
11
81.299800
21
597.203000
0
LINE
8
Layer 1
10
81.299800
20
597.203000
11
81.256100
21
596.997000
0
LINE
8
Layer 1
10
81.256100
20
596.997000
11
81.132600
21
596.827000
0
LINE
8
Layer 1
10
81.132600
20
596.827000
11
80.950600
21
596.722000
0
LINE
8
Layer 1
10
80.950600
20
596.722000
11
80.741500
21
596.700000
0
LINE
8
Layer 1
10
80.741500
20
596.700000
11
80.541700
21
596.765000
0
LINE
8
Layer 1
10
78.142100
20
596.728000
11
77.985900
21
596.868000
0
LINE
8
Layer 1
10
77.985900
20
596.868000
11
77.900400
21
597.060000
0
LINE
8
Layer 1
10
77.900400
20
597.060000
11
77.900400
21
597.270000
0
LINE
8
Layer 1
10
77.900400
20
597.270000
11
77.985900
21
597.462000
0
LINE
8
Layer 1
10
77.985900
20
597.462000
11
78.142100
21
597.603000
0
LINE
8
Layer 1
10
78.142100
20
597.603000
11
78.341900
21
597.668000
0
LINE
8
Layer 1
10
78.341900
20
597.668000
11
78.551000
21
597.646000
0
LINE
8
Layer 1
10
78.551000
20
597.646000
11
78.733000
21
597.541000
0
LINE
8
Layer 1
10
78.733000
20
597.541000
11
78.856500
21
597.371000
0
LINE
8
Layer 1
10
78.856500
20
597.371000
11
78.900200
21
597.165000
0
LINE
8
Layer 1
10
78.900200
20
597.165000
11
78.856500
21
596.960000
0
LINE
8
Layer 1
10
78.856500
20
596.960000
11
78.733000
21
596.790000
0
LINE
8
Layer 1
10
78.733000
20
596.790000
11
78.551000
21
596.685000
0
LINE
8
Layer 1
10
78.551000
20
596.685000
11
78.341900
21
596.663000
0
LINE
8
Layer 1
10
78.341900
20
596.663000
11
78.142100
21
596.728000
0
LINE
8
Layer 1
10
82.941300
20
596.728000
11
82.785100
21
596.868000
0
LINE
8
Layer 1
10
82.785100
20
596.868000
11
82.699600
21
597.060000
0
LINE
8
Layer 1
10
82.699600
20
597.060000
11
82.699600
21
597.270000
0
LINE
8
Layer 1
10
82.699600
20
597.270000
11
82.785100
21
597.462000
0
LINE
8
Layer 1
10
82.785100
20
597.462000
11
82.941300
21
597.603000
0
LINE
8
Layer 1
10
82.941300
20
597.603000
11
83.141100
21
597.668000
0
LINE
8
Layer 1
10
83.141100
20
597.668000
11
83.350200
21
597.646000
0
LINE
8
Layer 1
10
83.350200
20
597.646000
11
83.532200
21
597.541000
0
LINE
8
Layer 1
10
83.532200
20
597.541000
11
83.655700
21
597.371000
0
LINE
8
Layer 1
10
83.655700
20
597.371000
11
83.699400
21
597.165000
0
LINE
8
Layer 1
10
83.699400
20
597.165000
11
83.655700
21
596.960000
0
LINE
8
Layer 1
10
83.655700
20
596.960000
11
83.532200
21
596.790000
0
LINE
8
Layer 1
10
83.532200
20
596.790000
11
83.350200
21
596.685000
0
LINE
8
Layer 1
10
83.350200
20
596.685000
11
83.141100
21
596.663000
0
LINE
8
Layer 1
10
83.141100
20
596.663000
11
82.941300
21
596.728000
0
LINE
8
Layer 1
10
75.744800
20
596.615000
11
75.588600
21
596.755000
0
LINE
8
Layer 1
10
75.588600
20
596.755000
11
75.503100
21
596.947000
0
LINE
8
Layer 1
10
75.503100
20
596.947000
11
75.503100
21
597.157000
0
LINE
8
Layer 1
10
75.503100
20
597.157000
11
75.588600
21
597.349000
0
LINE
8
Layer 1
10
75.588600
20
597.349000
11
75.744800
21
597.490000
0
LINE
8
Layer 1
10
75.744800
20
597.490000
11
75.944700
21
597.555000
0
LINE
8
Layer 1
10
75.944700
20
597.555000
11
76.153700
21
597.533000
0
LINE
8
Layer 1
10
76.153700
20
597.533000
11
76.335800
21
597.428000
0
LINE
8
Layer 1
10
76.335800
20
597.428000
11
76.459300
21
597.258000
0
LINE
8
Layer 1
10
76.459300
20
597.258000
11
76.503000
21
597.052000
0
LINE
8
Layer 1
10
76.503000
20
597.052000
11
76.459300
21
596.847000
0
LINE
8
Layer 1
10
76.459300
20
596.847000
11
76.335800
21
596.677000
0
LINE
8
Layer 1
10
76.335800
20
596.677000
11
76.153700
21
596.572000
0
LINE
8
Layer 1
10
76.153700
20
596.572000
11
75.944700
21
596.550000
0
LINE
8
Layer 1
10
75.944700
20
596.550000
11
75.744800
21
596.615000
0
LINE
8
Layer 1
10
85.338500
20
596.615000
11
85.182300
21
596.755000
0
LINE
8
Layer 1
10
85.182300
20
596.755000
11
85.096800
21
596.947000
0
LINE
8
Layer 1
10
85.096800
20
596.947000
11
85.096800
21
597.157000
0
LINE
8
Layer 1
10
85.096800
20
597.157000
11
85.182300
21
597.349000
0
LINE
8
Layer 1
10
85.182300
20
597.349000
11
85.338500
21
597.490000
0
LINE
8
Layer 1
10
85.338500
20
597.490000
11
85.538300
21
597.555000
0
LINE
8
Layer 1
10
85.538300
20
597.555000
11
85.747400
21
597.533000
0
LINE
8
Layer 1
10
85.747400
20
597.533000
11
85.929400
21
597.428000
0
LINE
8
Layer 1
10
85.929400
20
597.428000
11
86.052900
21
597.258000
0
LINE
8
Layer 1
10
86.052900
20
597.258000
11
86.096600
21
597.052000
0
LINE
8
Layer 1
10
86.096600
20
597.052000
11
86.052900
21
596.847000
0
LINE
8
Layer 1
10
86.052900
20
596.847000
11
85.929400
21
596.677000
0
LINE
8
Layer 1
10
85.929400
20
596.677000
11
85.747400
21
596.572000
0
LINE
8
Layer 1
10
85.747400
20
596.572000
11
85.538300
21
596.550000
0
LINE
8
Layer 1
10
85.538300
20
596.550000
11
85.338500
21
596.615000
0
LINE
8
Layer 1
10
73.352300
20
596.426000
11
73.196100
21
596.567000
0
LINE
8
Layer 1
10
73.196100
20
596.567000
11
73.110600
21
596.759000
0
LINE
8
Layer 1
10
73.110600
20
596.759000
11
73.110600
21
596.969000
0
LINE
8
Layer 1
10
73.110600
20
596.969000
11
73.196100
21
597.161000
0
LINE
8
Layer 1
10
73.196100
20
597.161000
11
73.352300
21
597.302000
0
LINE
8
Layer 1
10
73.352300
20
597.302000
11
73.552200
21
597.367000
0
LINE
8
Layer 1
10
73.552200
20
597.367000
11
73.761200
21
597.345000
0
LINE
8
Layer 1
10
73.761200
20
597.345000
11
73.943300
21
597.240000
0
LINE
8
Layer 1
10
73.943300
20
597.240000
11
74.066800
21
597.070000
0
LINE
8
Layer 1
10
74.066800
20
597.070000
11
74.110500
21
596.864000
0
LINE
8
Layer 1
10
74.110500
20
596.864000
11
74.066800
21
596.658000
0
LINE
8
Layer 1
10
74.066800
20
596.658000
11
73.943300
21
596.488000
0
LINE
8
Layer 1
10
73.943300
20
596.488000
11
73.761200
21
596.383000
0
LINE
8
Layer 1
10
73.761200
20
596.383000
11
73.552200
21
596.361000
0
LINE
8
Layer 1
10
73.552200
20
596.361000
11
73.352300
21
596.426000
0
LINE
8
Layer 1
10
87.731000
20
596.426000
11
87.574800
21
596.567000
0
LINE
8
Layer 1
10
87.574800
20
596.567000
11
87.489300
21
596.759000
0
LINE
8
Layer 1
10
87.489300
20
596.759000
11
87.489300
21
596.969000
0
LINE
8
Layer 1
10
87.489300
20
596.969000
11
87.574800
21
597.161000
0
LINE
8
Layer 1
10
87.574800
20
597.161000
11
87.731000
21
597.302000
0
LINE
8
Layer 1
10
87.731000
20
597.302000
11
87.930800
21
597.367000
0
LINE
8
Layer 1
10
87.930800
20
597.367000
11
88.139900
21
597.345000
0
LINE
8
Layer 1
10
88.139900
20
597.345000
11
88.321900
21
597.240000
0
LINE
8
Layer 1
10
88.321900
20
597.240000
11
88.445400
21
597.070000
0
LINE
8
Layer 1
10
88.445400
20
597.070000
11
88.489100
21
596.864000
0
LINE
8
Layer 1
10
88.489100
20
596.864000
11
88.445400
21
596.658000
0
LINE
8
Layer 1
10
88.445400
20
596.658000
11
88.321900
21
596.488000
0
LINE
8
Layer 1
10
88.321900
20
596.488000
11
88.139900
21
596.383000
0
LINE
8
Layer 1
10
88.139900
20
596.383000
11
87.930800
21
596.361000
0
LINE
8
Layer 1
10
87.930800
20
596.361000
11
87.731000
21
596.426000
0
LINE
8
Layer 1
10
70.966900
20
596.163000
11
70.810700
21
596.304000
0
LINE
8
Layer 1
10
70.810700
20
596.304000
11
70.725200
21
596.496000
0
LINE
8
Layer 1
10
70.725200
20
596.496000
11
70.725200
21
596.706000
0
LINE
8
Layer 1
10
70.725200
20
596.706000
11
70.810700
21
596.898000
0
LINE
8
Layer 1
10
70.810700
20
596.898000
11
70.966900
21
597.038000
0
LINE
8
Layer 1
10
70.966900
20
597.038000
11
71.166800
21
597.103000
0
LINE
8
Layer 1
10
71.166800
20
597.103000
11
71.375800
21
597.081000
0
LINE
8
Layer 1
10
71.375800
20
597.081000
11
71.557800
21
596.976000
0
LINE
8
Layer 1
10
71.557800
20
596.976000
11
71.681400
21
596.806000
0
LINE
8
Layer 1
10
71.681400
20
596.806000
11
71.725100
21
596.601000
0
LINE
8
Layer 1
10
71.725100
20
596.601000
11
71.681400
21
596.395000
0
LINE
8
Layer 1
10
71.681400
20
596.395000
11
71.557800
21
596.225000
0
LINE
8
Layer 1
10
71.557800
20
596.225000
11
71.375800
21
596.120000
0
LINE
8
Layer 1
10
71.375800
20
596.120000
11
71.166800
21
596.098000
0
LINE
8
Layer 1
10
71.166800
20
596.098000
11
70.966900
21
596.163000
0
LINE
8
Layer 1
10
90.116400
20
596.163000
11
89.960200
21
596.304000
0
LINE
8
Layer 1
10
89.960200
20
596.304000
11
89.874700
21
596.496000
0
LINE
8
Layer 1
10
89.874700
20
596.496000
11
89.874700
21
596.706000
0
LINE
8
Layer 1
10
89.874700
20
596.706000
11
89.960200
21
596.898000
0
LINE
8
Layer 1
10
89.960200
20
596.898000
11
90.116400
21
597.038000
0
LINE
8
Layer 1
10
90.116400
20
597.038000
11
90.316300
21
597.103000
0
LINE
8
Layer 1
10
90.316300
20
597.103000
11
90.525300
21
597.081000
0
LINE
8
Layer 1
10
90.525300
20
597.081000
11
90.707300
21
596.976000
0
LINE
8
Layer 1
10
90.707300
20
596.976000
11
90.830900
21
596.806000
0
LINE
8
Layer 1
10
90.830900
20
596.806000
11
90.874500
21
596.601000
0
LINE
8
Layer 1
10
90.874500
20
596.601000
11
90.830900
21
596.395000
0
LINE
8
Layer 1
10
90.830900
20
596.395000
11
90.707300
21
596.225000
0
LINE
8
Layer 1
10
90.707300
20
596.225000
11
90.525300
21
596.120000
0
LINE
8
Layer 1
10
90.525300
20
596.120000
11
90.316300
21
596.098000
0
LINE
8
Layer 1
10
90.316300
20
596.098000
11
90.116400
21
596.163000
0
LINE
8
Layer 1
10
68.591000
20
595.825000
11
68.434800
21
595.965000
0
LINE
8
Layer 1
10
68.434800
20
595.965000
11
68.349300
21
596.157000
0
LINE
8
Layer 1
10
68.349300
20
596.157000
11
68.349300
21
596.368000
0
LINE
8
Layer 1
10
68.349300
20
596.368000
11
68.434800
21
596.560000
0
LINE
8
Layer 1
10
68.434800
20
596.560000
11
68.591000
21
596.700000
0
LINE
8
Layer 1
10
68.591000
20
596.700000
11
68.790800
21
596.765000
0
LINE
8
Layer 1
10
68.790800
20
596.765000
11
68.999900
21
596.743000
0
LINE
8
Layer 1
10
68.999900
20
596.743000
11
69.181900
21
596.638000
0
LINE
8
Layer 1
10
69.181900
20
596.638000
11
69.305400
21
596.468000
0
LINE
8
Layer 1
10
69.305400
20
596.468000
11
69.349100
21
596.263000
0
LINE
8
Layer 1
10
69.349100
20
596.263000
11
69.305400
21
596.057000
0
LINE
8
Layer 1
10
69.305400
20
596.057000
11
69.181900
21
595.887000
0
LINE
8
Layer 1
10
69.181900
20
595.887000
11
68.999900
21
595.782000
0
LINE
8
Layer 1
10
68.999900
20
595.782000
11
68.790800
21
595.760000
0
LINE
8
Layer 1
10
68.790800
20
595.760000
11
68.591000
21
595.825000
0
LINE
8
Layer 1
10
92.492400
20
595.825000
11
92.336200
21
595.965000
0
LINE
8
Layer 1
10
92.336200
20
595.965000
11
92.250700
21
596.157000
0
LINE
8
Layer 1
10
92.250700
20
596.157000
11
92.250700
21
596.368000
0
LINE
8
Layer 1
10
92.250700
20
596.368000
11
92.336200
21
596.560000
0
LINE
8
Layer 1
10
92.336200
20
596.560000
11
92.492400
21
596.700000
0
LINE
8
Layer 1
10
92.492400
20
596.700000
11
92.692200
21
596.765000
0
LINE
8
Layer 1
10
92.692200
20
596.765000
11
92.901300
21
596.743000
0
LINE
8
Layer 1
10
92.901300
20
596.743000
11
93.083300
21
596.638000
0
LINE
8
Layer 1
10
93.083300
20
596.638000
11
93.206800
21
596.468000
0
LINE
8
Layer 1
10
93.206800
20
596.468000
11
93.250500
21
596.263000
0
LINE
8
Layer 1
10
93.250500
20
596.263000
11
93.206800
21
596.057000
0
LINE
8
Layer 1
10
93.206800
20
596.057000
11
93.083300
21
595.887000
0
LINE
8
Layer 1
10
93.083300
20
595.887000
11
92.901300
21
595.782000
0
LINE
8
Layer 1
10
92.901300
20
595.782000
11
92.692200
21
595.760000
0
LINE
8
Layer 1
10
92.692200
20
595.760000
11
92.492400
21
595.825000
0
LINE
8
Layer 1
10
66.226800
20
595.412000
11
66.070600
21
595.553000
0
LINE
8
Layer 1
10
66.070600
20
595.553000
11
65.985100
21
595.745000
0
LINE
8
Layer 1
10
65.985100
20
595.745000
11
65.985100
21
595.955000
0
LINE
8
Layer 1
10
65.985100
20
595.955000
11
66.070600
21
596.147000
0
LINE
8
Layer 1
10
66.070600
20
596.147000
11
66.226800
21
596.288000
0
LINE
8
Layer 1
10
66.226800
20
596.288000
11
66.426600
21
596.353000
0
LINE
8
Layer 1
10
66.426600
20
596.353000
11
66.635700
21
596.331000
0
LINE
8
Layer 1
10
66.635700
20
596.331000
11
66.817700
21
596.226000
0
LINE
8
Layer 1
10
66.817700
20
596.226000
11
66.941200
21
596.056000
0
LINE
8
Layer 1
10
66.941200
20
596.056000
11
66.984900
21
595.850000
0
LINE
8
Layer 1
10
66.984900
20
595.850000
11
66.941200
21
595.644000
0
LINE
8
Layer 1
10
66.941200
20
595.644000
11
66.817700
21
595.474000
0
LINE
8
Layer 1
10
66.817700
20
595.474000
11
66.635700
21
595.369000
0
LINE
8
Layer 1
10
66.635700
20
595.369000
11
66.426600
21
595.347000
0
LINE
8
Layer 1
10
66.426600
20
595.347000
11
66.226800
21
595.412000
0
LINE
8
Layer 1
10
94.856500
20
595.412000
11
94.700300
21
595.553000
0
LINE
8
Layer 1
10
94.700300
20
595.553000
11
94.614900
21
595.745000
0
LINE
8
Layer 1
10
94.614900
20
595.745000
11
94.614900
21
595.955000
0
LINE
8
Layer 1
10
94.614900
20
595.955000
11
94.700300
21
596.147000
0
LINE
8
Layer 1
10
94.700300
20
596.147000
11
94.856500
21
596.288000
0
LINE
8
Layer 1
10
94.856500
20
596.288000
11
95.056400
21
596.353000
0
LINE
8
Layer 1
10
95.056400
20
596.353000
11
95.265400
21
596.331000
0
LINE
8
Layer 1
10
95.265400
20
596.331000
11
95.447500
21
596.226000
0
LINE
8
Layer 1
10
95.447500
20
596.226000
11
95.571000
21
596.056000
0
LINE
8
Layer 1
10
95.571000
20
596.056000
11
95.614700
21
595.850000
0
LINE
8
Layer 1
10
95.614700
20
595.850000
11
95.571000
21
595.644000
0
LINE
8
Layer 1
10
95.571000
20
595.644000
11
95.447500
21
595.474000
0
LINE
8
Layer 1
10
95.447500
20
595.474000
11
95.265400
21
595.369000
0
LINE
8
Layer 1
10
95.265400
20
595.369000
11
95.056400
21
595.347000
0
LINE
8
Layer 1
10
95.056400
20
595.347000
11
94.856500
21
595.412000
0
LINE
8
Layer 1
10
63.876800
20
594.926000
11
63.720600
21
595.066000
0
LINE
8
Layer 1
10
63.720600
20
595.066000
11
63.635100
21
595.258000
0
LINE
8
Layer 1
10
63.635100
20
595.258000
11
63.635100
21
595.468000
0
LINE
8
Layer 1
10
63.635100
20
595.468000
11
63.720600
21
595.660000
0
LINE
8
Layer 1
10
63.720600
20
595.660000
11
63.876800
21
595.801000
0
LINE
8
Layer 1
10
63.876800
20
595.801000
11
64.076600
21
595.866000
0
LINE
8
Layer 1
10
64.076600
20
595.866000
11
64.285700
21
595.844000
0
LINE
8
Layer 1
10
64.285700
20
595.844000
11
64.467700
21
595.739000
0
LINE
8
Layer 1
10
64.467700
20
595.739000
11
64.591200
21
595.569000
0
LINE
8
Layer 1
10
64.591200
20
595.569000
11
64.634900
21
595.363000
0
LINE
8
Layer 1
10
64.634900
20
595.363000
11
64.591200
21
595.158000
0
LINE
8
Layer 1
10
64.591200
20
595.158000
11
64.467700
21
594.988000
0
LINE
8
Layer 1
10
64.467700
20
594.988000
11
64.285700
21
594.883000
0
LINE
8
Layer 1
10
64.285700
20
594.883000
11
64.076600
21
594.861000
0
LINE
8
Layer 1
10
64.076600
20
594.861000
11
63.876800
21
594.926000
0
LINE
8
Layer 1
10
97.206600
20
594.926000
11
97.050400
21
595.066000
0
LINE
8
Layer 1
10
97.050400
20
595.066000
11
96.964900
21
595.258000
0
LINE
8
Layer 1
10
96.964900
20
595.258000
11
96.964900
21
595.468000
0
LINE
8
Layer 1
10
96.964900
20
595.468000
11
97.050400
21
595.660000
0
LINE
8
Layer 1
10
97.050400
20
595.660000
11
97.206600
21
595.801000
0
LINE
8
Layer 1
10
97.206600
20
595.801000
11
97.406400
21
595.866000
0
LINE
8
Layer 1
10
97.406400
20
595.866000
11
97.615500
21
595.844000
0
LINE
8
Layer 1
10
97.615500
20
595.844000
11
97.797500
21
595.739000
0
LINE
8
Layer 1
10
97.797500
20
595.739000
11
97.921000
21
595.569000
0
LINE
8
Layer 1
10
97.921000
20
595.569000
11
97.964700
21
595.363000
0
LINE
8
Layer 1
10
97.964700
20
595.363000
11
97.921000
21
595.158000
0
LINE
8
Layer 1
10
97.921000
20
595.158000
11
97.797500
21
594.988000
0
LINE
8
Layer 1
10
97.797500
20
594.988000
11
97.615500
21
594.883000
0
LINE
8
Layer 1
10
97.615500
20
594.883000
11
97.406400
21
594.861000
0
LINE
8
Layer 1
10
97.406400
20
594.861000
11
97.206600
21
594.926000
0
LINE
8
Layer 1
10
61.543200
20
594.365000
11
61.387000
21
594.506000
0
LINE
8
Layer 1
10
61.387000
20
594.506000
11
61.301500
21
594.698000
0
LINE
8
Layer 1
10
61.301500
20
594.698000
11
61.301500
21
594.908000
0
LINE
8
Layer 1
10
61.301500
20
594.908000
11
61.387000
21
595.100000
0
LINE
8
Layer 1
10
61.387000
20
595.100000
11
61.543200
21
595.241000
0
LINE
8
Layer 1
10
61.543200
20
595.241000
11
61.743000
21
595.306000
0
LINE
8
Layer 1
10
61.743000
20
595.306000
11
61.952100
21
595.284000
0
LINE
8
Layer 1
10
61.952100
20
595.284000
11
62.134100
21
595.179000
0
LINE
8
Layer 1
10
62.134100
20
595.179000
11
62.257600
21
595.009000
0
LINE
8
Layer 1
10
62.257600
20
595.009000
11
62.301300
21
594.803000
0
LINE
8
Layer 1
10
62.301300
20
594.803000
11
62.257600
21
594.597000
0
LINE
8
Layer 1
10
62.257600
20
594.597000
11
62.134100
21
594.427000
0
LINE
8
Layer 1
10
62.134100
20
594.427000
11
61.952100
21
594.322000
0
LINE
8
Layer 1
10
61.952100
20
594.322000
11
61.743000
21
594.300000
0
LINE
8
Layer 1
10
61.743000
20
594.300000
11
61.543200
21
594.365000
0
LINE
8
Layer 1
10
99.540200
20
594.365000
11
99.384000
21
594.506000
0
LINE
8
Layer 1
10
99.384000
20
594.506000
11
99.298500
21
594.698000
0
LINE
8
Layer 1
10
99.298500
20
594.698000
11
99.298500
21
594.908000
0
LINE
8
Layer 1
10
99.298500
20
594.908000
11
99.384000
21
595.100000
0
LINE
8
Layer 1
10
99.384000
20
595.100000
11
99.540200
21
595.241000
0
LINE
8
Layer 1
10
99.540200
20
595.241000
11
99.740000
21
595.306000
0
LINE
8
Layer 1
10
99.740000
20
595.306000
11
99.949100
21
595.284000
0
LINE
8
Layer 1
10
99.949100
20
595.284000
11
100.131000
21
595.179000
0
LINE
8
Layer 1
10
100.131000
20
595.179000
11
100.255000
21
595.009000
0
LINE
8
Layer 1
10
100.255000
20
595.009000
11
100.298000
21
594.803000
0
LINE
8
Layer 1
10
100.298000
20
594.803000
11
100.255000
21
594.597000
0
LINE
8
Layer 1
10
100.255000
20
594.597000
11
100.131000
21
594.427000
0
LINE
8
Layer 1
10
100.131000
20
594.427000
11
99.949100
21
594.322000
0
LINE
8
Layer 1
10
99.949100
20
594.322000
11
99.740000
21
594.300000
0
LINE
8
Layer 1
10
99.740000
20
594.300000
11
99.540200
21
594.365000
0
LINE
8
Layer 1
10
59.228300
20
593.732000
11
59.072100
21
593.873000
0
LINE
8
Layer 1
10
59.072100
20
593.873000
11
58.986600
21
594.065000
0
LINE
8
Layer 1
10
58.986600
20
594.065000
11
58.986600
21
594.275000
0
LINE
8
Layer 1
10
58.986600
20
594.275000
11
59.072100
21
594.467000
0
LINE
8
Layer 1
10
59.072100
20
594.467000
11
59.228300
21
594.607000
0
LINE
8
Layer 1
10
59.228300
20
594.607000
11
59.428200
21
594.672000
0
LINE
8
Layer 1
10
59.428200
20
594.672000
11
59.637200
21
594.650000
0
LINE
8
Layer 1
10
59.637200
20
594.650000
11
59.819200
21
594.545000
0
LINE
8
Layer 1
10
59.819200
20
594.545000
11
59.942800
21
594.375000
0
LINE
8
Layer 1
10
59.942800
20
594.375000
11
59.986500
21
594.170000
0
LINE
8
Layer 1
10
59.986500
20
594.170000
11
59.942800
21
593.964000
0
LINE
8
Layer 1
10
59.942800
20
593.964000
11
59.819200
21
593.794000
0
LINE
8
Layer 1
10
59.819200
20
593.794000
11
59.637200
21
593.689000
0
LINE
8
Layer 1
10
59.637200
20
593.689000
11
59.428200
21
593.667000
0
LINE
8
Layer 1
10
59.428200
20
593.667000
11
59.228300
21
593.732000
0
LINE
8
Layer 1
10
101.855000
20
593.732000
11
101.699000
21
593.873000
0
LINE
8
Layer 1
10
101.699000
20
593.873000
11
101.613000
21
594.065000
0
LINE
8
Layer 1
10
101.613000
20
594.065000
11
101.613000
21
594.275000
0
LINE
8
Layer 1
10
101.613000
20
594.275000
11
101.699000
21
594.467000
0
LINE
8
Layer 1
10
101.699000
20
594.467000
11
101.855000
21
594.607000
0
LINE
8
Layer 1
10
101.855000
20
594.607000
11
102.055000
21
594.672000
0
LINE
8
Layer 1
10
102.055000
20
594.672000
11
102.264000
21
594.650000
0
LINE
8
Layer 1
10
102.264000
20
594.650000
11
102.446000
21
594.545000
0
LINE
8
Layer 1
10
102.446000
20
594.545000
11
102.569000
21
594.375000
0
LINE
8
Layer 1
10
102.569000
20
594.375000
11
102.613000
21
594.170000
0
LINE
8
Layer 1
10
102.613000
20
594.170000
11
102.569000
21
593.964000
0
LINE
8
Layer 1
10
102.569000
20
593.964000
11
102.446000
21
593.794000
0
LINE
8
Layer 1
10
102.446000
20
593.794000
11
102.264000
21
593.689000
0
LINE
8
Layer 1
10
102.264000
20
593.689000
11
102.055000
21
593.667000
0
LINE
8
Layer 1
10
102.055000
20
593.667000
11
101.855000
21
593.732000
0
LINE
8
Layer 1
10
56.934500
20
593.026000
11
56.778300
21
593.167000
0
LINE
8
Layer 1
10
56.778300
20
593.167000
11
56.692800
21
593.359000
0
LINE
8
Layer 1
10
56.692800
20
593.359000
11
56.692800
21
593.569000
0
LINE
8
Layer 1
10
56.692800
20
593.569000
11
56.778300
21
593.761000
0
LINE
8
Layer 1
10
56.778300
20
593.761000
11
56.934500
21
593.902000
0
LINE
8
Layer 1
10
56.934500
20
593.902000
11
57.134400
21
593.967000
0
LINE
8
Layer 1
10
57.134400
20
593.967000
11
57.343400
21
593.945000
0
LINE
8
Layer 1
10
57.343400
20
593.945000
11
57.525400
21
593.840000
0
LINE
8
Layer 1
10
57.525400
20
593.840000
11
57.649000
21
593.670000
0
LINE
8
Layer 1
10
57.649000
20
593.670000
11
57.692600
21
593.464000
0
LINE
8
Layer 1
10
57.692600
20
593.464000
11
57.649000
21
593.258000
0
LINE
8
Layer 1
10
57.649000
20
593.258000
11
57.525400
21
593.088000
0
LINE
8
Layer 1
10
57.525400
20
593.088000
11
57.343400
21
592.983000
0
LINE
8
Layer 1
10
57.343400
20
592.983000
11
57.134400
21
592.961000
0
LINE
8
Layer 1
10
57.134400
20
592.961000
11
56.934500
21
593.026000
0
LINE
8
Layer 1
10
104.149000
20
593.026000
11
103.993000
21
593.167000
0
LINE
8
Layer 1
10
103.993000
20
593.167000
11
103.907000
21
593.359000
0
LINE
8
Layer 1
10
103.907000
20
593.359000
11
103.907000
21
593.569000
0
LINE
8
Layer 1
10
103.907000
20
593.569000
11
103.993000
21
593.761000
0
LINE
8
Layer 1
10
103.993000
20
593.761000
11
104.149000
21
593.902000
0
LINE
8
Layer 1
10
104.149000
20
593.902000
11
104.349000
21
593.967000
0
LINE
8
Layer 1
10
104.349000
20
593.967000
11
104.558000
21
593.945000
0
LINE
8
Layer 1
10
104.558000
20
593.945000
11
104.740000
21
593.840000
0
LINE
8
Layer 1
10
104.740000
20
593.840000
11
104.863000
21
593.670000
0
LINE
8
Layer 1
10
104.863000
20
593.670000
11
104.907000
21
593.464000
0
LINE
8
Layer 1
10
104.907000
20
593.464000
11
104.863000
21
593.258000
0
LINE
8
Layer 1
10
104.863000
20
593.258000
11
104.740000
21
593.088000
0
LINE
8
Layer 1
10
104.740000
20
593.088000
11
104.558000
21
592.983000
0
LINE
8
Layer 1
10
104.558000
20
592.983000
11
104.349000
21
592.961000
0
LINE
8
Layer 1
10
104.349000
20
592.961000
11
104.149000
21
593.026000
0
LINE
8
Layer 1
10
54.664000
20
592.249000
11
54.507800
21
592.390000
0
LINE
8
Layer 1
10
54.507800
20
592.390000
11
54.422300
21
592.582000
0
LINE
8
Layer 1
10
54.422300
20
592.582000
11
54.422300
21
592.792000
0
LINE
8
Layer 1
10
54.422300
20
592.792000
11
54.507800
21
592.984000
0
LINE
8
Layer 1
10
54.507800
20
592.984000
11
54.664000
21
593.124000
0
LINE
8
Layer 1
10
54.664000
20
593.124000
11
54.863800
21
593.189000
0
LINE
8
Layer 1
10
54.863800
20
593.189000
11
55.072900
21
593.167000
0
LINE
8
Layer 1
10
55.072900
20
593.167000
11
55.254900
21
593.062000
0
LINE
8
Layer 1
10
55.254900
20
593.062000
11
55.378400
21
592.892000
0
LINE
8
Layer 1
10
55.378400
20
592.892000
11
55.422100
21
592.687000
0
LINE
8
Layer 1
10
55.422100
20
592.687000
11
55.378400
21
592.481000
0
LINE
8
Layer 1
10
55.378400
20
592.481000
11
55.254900
21
592.311000
0
LINE
8
Layer 1
10
55.254900
20
592.311000
11
55.072900
21
592.206000
0
LINE
8
Layer 1
10
55.072900
20
592.206000
11
54.863800
21
592.184000
0
LINE
8
Layer 1
10
54.863800
20
592.184000
11
54.664000
21
592.249000
0
LINE
8
Layer 1
10
106.419000
20
592.249000
11
106.263000
21
592.390000
0
LINE
8
Layer 1
10
106.263000
20
592.390000
11
106.178000
21
592.582000
0
LINE
8
Layer 1
10
106.178000
20
592.582000
11
106.178000
21
592.792000
0
LINE
8
Layer 1
10
106.178000
20
592.792000
11
106.263000
21
592.984000
0
LINE
8
Layer 1
10
106.263000
20
592.984000
11
106.419000
21
593.124000
0
LINE
8
Layer 1
10
106.419000
20
593.124000
11
106.619000
21
593.189000
0
LINE
8
Layer 1
10
106.619000
20
593.189000
11
106.828000
21
593.167000
0
LINE
8
Layer 1
10
106.828000
20
593.167000
11
107.010000
21
593.062000
0
LINE
8
Layer 1
10
107.010000
20
593.062000
11
107.134000
21
592.892000
0
LINE
8
Layer 1
10
107.134000
20
592.892000
11
107.177000
21
592.687000
0
LINE
8
Layer 1
10
107.177000
20
592.687000
11
107.134000
21
592.481000
0
LINE
8
Layer 1
10
107.134000
20
592.481000
11
107.010000
21
592.311000
0
LINE
8
Layer 1
10
107.010000
20
592.311000
11
106.828000
21
592.206000
0
LINE
8
Layer 1
10
106.828000
20
592.206000
11
106.619000
21
592.184000
0
LINE
8
Layer 1
10
106.619000
20
592.184000
11
106.419000
21
592.249000
0
LINE
8
Layer 1
10
52.419000
20
591.401000
11
52.262800
21
591.541000
0
LINE
8
Layer 1
10
52.262800
20
591.541000
11
52.177400
21
591.733000
0
LINE
8
Layer 1
10
52.177400
20
591.733000
11
52.177400
21
591.943000
0
LINE
8
Layer 1
10
52.177400
20
591.943000
11
52.262800
21
592.136000
0
LINE
8
Layer 1
10
52.262800
20
592.136000
11
52.419000
21
592.276000
0
LINE
8
Layer 1
10
52.419000
20
592.276000
11
52.618900
21
592.341000
0
LINE
8
Layer 1
10
52.618900
20
592.341000
11
52.827900
21
592.319000
0
LINE
8
Layer 1
10
52.827900
20
592.319000
11
53.009900
21
592.214000
0
LINE
8
Layer 1
10
53.009900
20
592.214000
11
53.133500
21
592.044000
0
LINE
8
Layer 1
10
53.133500
20
592.044000
11
53.177200
21
591.838000
0
LINE
8
Layer 1
10
53.177200
20
591.838000
11
53.133500
21
591.633000
0
LINE
8
Layer 1
10
53.133500
20
591.633000
11
53.009900
21
591.463000
0
LINE
8
Layer 1
10
53.009900
20
591.463000
11
52.827900
21
591.358000
0
LINE
8
Layer 1
10
52.827900
20
591.358000
11
52.618900
21
591.336000
0
LINE
8
Layer 1
10
52.618900
20
591.336000
11
52.419000
21
591.401000
0
LINE
8
Layer 1
10
108.664000
20
591.401000
11
108.508000
21
591.541000
0
LINE
8
Layer 1
10
108.508000
20
591.541000
11
108.423000
21
591.733000
0
LINE
8
Layer 1
10
108.423000
20
591.733000
11
108.423000
21
591.943000
0
LINE
8
Layer 1
10
108.423000
20
591.943000
11
108.508000
21
592.136000
0
LINE
8
Layer 1
10
108.508000
20
592.136000
11
108.664000
21
592.276000
0
LINE
8
Layer 1
10
108.664000
20
592.276000
11
108.864000
21
592.341000
0
LINE
8
Layer 1
10
108.864000
20
592.341000
11
109.073000
21
592.319000
0
LINE
8
Layer 1
10
109.073000
20
592.319000
11
109.255000
21
592.214000
0
LINE
8
Layer 1
10
109.255000
20
592.214000
11
109.379000
21
592.044000
0
LINE
8
Layer 1
10
109.379000
20
592.044000
11
109.422000
21
591.838000
0
LINE
8
Layer 1
10
109.422000
20
591.838000
11
109.379000
21
591.633000
0
LINE
8
Layer 1
10
109.379000
20
591.633000
11
109.255000
21
591.463000
0
LINE
8
Layer 1
10
109.255000
20
591.463000
11
109.073000
21
591.358000
0
LINE
8
Layer 1
10
109.073000
20
591.358000
11
108.864000
21
591.336000
0
LINE
8
Layer 1
10
108.864000
20
591.336000
11
108.664000
21
591.401000
0
LINE
8
Layer 1
10
50.201800
20
590.482000
11
50.045600
21
590.623000
0
LINE
8
Layer 1
10
50.045600
20
590.623000
11
49.960100
21
590.815000
0
LINE
8
Layer 1
10
49.960100
20
590.815000
11
49.960100
21
591.025000
0
LINE
8
Layer 1
10
49.960100
20
591.025000
11
50.045600
21
591.217000
0
LINE
8
Layer 1
10
50.045600
20
591.217000
11
50.201800
21
591.358000
0
LINE
8
Layer 1
10
50.201800
20
591.358000
11
50.401700
21
591.423000
0
LINE
8
Layer 1
10
50.401700
20
591.423000
11
50.610700
21
591.401000
0
LINE
8
Layer 1
10
50.610700
20
591.401000
11
50.792700
21
591.296000
0
LINE
8
Layer 1
10
50.792700
20
591.296000
11
50.916200
21
591.126000
0
LINE
8
Layer 1
10
50.916200
20
591.126000
11
50.959900
21
590.920000
0
LINE
8
Layer 1
10
50.959900
20
590.920000
11
50.916200
21
590.714000
0
LINE
8
Layer 1
10
50.916200
20
590.714000
11
50.792700
21
590.544000
0
LINE
8
Layer 1
10
50.792700
20
590.544000
11
50.610700
21
590.439000
0
LINE
8
Layer 1
10
50.610700
20
590.439000
11
50.401700
21
590.417000
0
LINE
8
Layer 1
10
50.401700
20
590.417000
11
50.201800
21
590.482000
0
LINE
8
Layer 1
10
110.882000
20
590.482000
11
110.725000
21
590.623000
0
LINE
8
Layer 1
10
110.725000
20
590.623000
11
110.640000
21
590.815000
0
LINE
8
Layer 1
10
110.640000
20
590.815000
11
110.640000
21
591.025000
0
LINE
8
Layer 1
10
110.640000
20
591.025000
11
110.725000
21
591.217000
0
LINE
8
Layer 1
10
110.725000
20
591.217000
11
110.882000
21
591.358000
0
LINE
8
Layer 1
10
110.882000
20
591.358000
11
111.081000
21
591.423000
0
LINE
8
Layer 1
10
111.081000
20
591.423000
11
111.290000
21
591.401000
0
LINE
8
Layer 1
10
111.290000
20
591.401000
11
111.472000
21
591.296000
0
LINE
8
Layer 1
10
111.472000
20
591.296000
11
111.596000
21
591.126000
0
LINE
8
Layer 1
10
111.596000
20
591.126000
11
111.640000
21
590.920000
0
LINE
8
Layer 1
10
111.640000
20
590.920000
11
111.596000
21
590.714000
0
LINE
8
Layer 1
10
111.596000
20
590.714000
11
111.472000
21
590.544000
0
LINE
8
Layer 1
10
111.472000
20
590.544000
11
111.290000
21
590.439000
0
LINE
8
Layer 1
10
111.290000
20
590.439000
11
111.081000
21
590.417000
0
LINE
8
Layer 1
10
111.081000
20
590.417000
11
110.882000
21
590.482000
0
LINE
8
Layer 1
10
48.014500
20
589.495000
11
47.858300
21
589.635000
0
LINE
8
Layer 1
10
47.858300
20
589.635000
11
47.772800
21
589.827000
0
LINE
8
Layer 1
10
47.772800
20
589.827000
11
47.772800
21
590.037000
0
LINE
8
Layer 1
10
47.772800
20
590.037000
11
47.858300
21
590.230000
0
LINE
8
Layer 1
10
47.858300
20
590.230000
11
48.014500
21
590.370000
0
LINE
8
Layer 1
10
48.014500
20
590.370000
11
48.214400
21
590.435000
0
LINE
8
Layer 1
10
48.214400
20
590.435000
11
48.423400
21
590.413000
0
LINE
8
Layer 1
10
48.423400
20
590.413000
11
48.605500
21
590.308000
0
LINE
8
Layer 1
10
48.605500
20
590.308000
11
48.729000
21
590.138000
0
LINE
8
Layer 1
10
48.729000
20
590.138000
11
48.772700
21
589.932000
0
LINE
8
Layer 1
10
48.772700
20
589.932000
11
48.729000
21
589.727000
0
LINE
8
Layer 1
10
48.729000
20
589.727000
11
48.605500
21
589.557000
0
LINE
8
Layer 1
10
48.605500
20
589.557000
11
48.423400
21
589.452000
0
LINE
8
Layer 1
10
48.423400
20
589.452000
11
48.214400
21
589.430000
0
LINE
8
Layer 1
10
48.214400
20
589.430000
11
48.014500
21
589.495000
0
LINE
8
Layer 1
10
113.069000
20
589.495000
11
112.913000
21
589.635000
0
LINE
8
Layer 1
10
112.913000
20
589.635000
11
112.827000
21
589.827000
0
LINE
8
Layer 1
10
112.827000
20
589.827000
11
112.827000
21
590.038000
0
LINE
8
Layer 1
10
112.827000
20
590.038000
11
112.913000
21
590.230000
0
LINE
8
Layer 1
10
112.913000
20
590.230000
11
113.069000
21
590.370000
0
LINE
8
Layer 1
10
113.069000
20
590.370000
11
113.269000
21
590.435000
0
LINE
8
Layer 1
10
113.269000
20
590.435000
11
113.478000
21
590.413000
0
LINE
8
Layer 1
10
113.478000
20
590.413000
11
113.660000
21
590.308000
0
LINE
8
Layer 1
10
113.660000
20
590.308000
11
113.783000
21
590.138000
0
LINE
8
Layer 1
10
113.783000
20
590.138000
11
113.827000
21
589.932000
0
LINE
8
Layer 1
10
113.827000
20
589.932000
11
113.783000
21
589.727000
0
LINE
8
Layer 1
10
113.783000
20
589.727000
11
113.660000
21
589.557000
0
LINE
8
Layer 1
10
113.660000
20
589.557000
11
113.478000
21
589.452000
0
LINE
8
Layer 1
10
113.478000
20
589.452000
11
113.269000
21
589.430000
0
LINE
8
Layer 1
10
113.269000
20
589.430000
11
113.069000
21
589.495000
0
LINE
8
Layer 1
10
45.859300
20
588.439000
11
45.703200
21
588.580000
0
LINE
8
Layer 1
10
45.703200
20
588.580000
11
45.617700
21
588.772000
0
LINE
8
Layer 1
10
45.617700
20
588.772000
11
45.617700
21
588.982000
0
LINE
8
Layer 1
10
45.617700
20
588.982000
11
45.703200
21
589.174000
0
LINE
8
Layer 1
10
45.703200
20
589.174000
11
45.859300
21
589.314000
0
LINE
8
Layer 1
10
45.859300
20
589.314000
11
46.059200
21
589.379000
0
LINE
8
Layer 1
10
46.059200
20
589.379000
11
46.268200
21
589.357000
0
LINE
8
Layer 1
10
46.268200
20
589.357000
11
46.450300
21
589.252000
0
LINE
8
Layer 1
10
46.450300
20
589.252000
11
46.573800
21
589.082000
0
LINE
8
Layer 1
10
46.573800
20
589.082000
11
46.617500
21
588.877000
0
LINE
8
Layer 1
10
46.617500
20
588.877000
11
46.573800
21
588.671000
0
LINE
8
Layer 1
10
46.573800
20
588.671000
11
46.450300
21
588.501000
0
LINE
8
Layer 1
10
46.450300
20
588.501000
11
46.268200
21
588.396000
0
LINE
8
Layer 1
10
46.268200
20
588.396000
11
46.059200
21
588.374000
0
LINE
8
Layer 1
10
46.059200
20
588.374000
11
45.859300
21
588.439000
0
LINE
8
Layer 1
10
115.224000
20
588.439000
11
115.068000
21
588.580000
0
LINE
8
Layer 1
10
115.068000
20
588.580000
11
114.982000
21
588.772000
0
LINE
8
Layer 1
10
114.982000
20
588.772000
11
114.982000
21
588.982000
0
LINE
8
Layer 1
10
114.982000
20
588.982000
11
115.068000
21
589.174000
0
LINE
8
Layer 1
10
115.068000
20
589.174000
11
115.224000
21
589.314000
0
LINE
8
Layer 1
10
115.224000
20
589.314000
11
115.424000
21
589.379000
0
LINE
8
Layer 1
10
115.424000
20
589.379000
11
115.633000
21
589.357000
0
LINE
8
Layer 1
10
115.633000
20
589.357000
11
115.815000
21
589.252000
0
LINE
8
Layer 1
10
115.815000
20
589.252000
11
115.938000
21
589.082000
0
LINE
8
Layer 1
10
115.938000
20
589.082000
11
115.982000
21
588.877000
0
LINE
8
Layer 1
10
115.982000
20
588.877000
11
115.938000
21
588.671000
0
LINE
8
Layer 1
10
115.938000
20
588.671000
11
115.815000
21
588.501000
0
LINE
8
Layer 1
10
115.815000
20
588.501000
11
115.633000
21
588.396000
0
LINE
8
Layer 1
10
115.633000
20
588.396000
11
115.424000
21
588.374000
0
LINE
8
Layer 1
10
115.424000
20
588.374000
11
115.224000
21
588.439000
0
LINE
8
Layer 1
10
43.738400
20
587.316000
11
43.582200
21
587.457000
0
LINE
8
Layer 1
10
43.582200
20
587.457000
11
43.496700
21
587.649000
0
LINE
8
Layer 1
10
43.496700
20
587.649000
11
43.496700
21
587.859000
0
LINE
8
Layer 1
10
43.496700
20
587.859000
11
43.582200
21
588.051000
0
LINE
8
Layer 1
10
43.582200
20
588.051000
11
43.738400
21
588.191000
0
LINE
8
Layer 1
10
43.738400
20
588.191000
11
43.938200
21
588.256000
0
LINE
8
Layer 1
10
43.938200
20
588.256000
11
44.147300
21
588.234000
0
LINE
8
Layer 1
10
44.147300
20
588.234000
11
44.329300
21
588.129000
0
LINE
8
Layer 1
10
44.329300
20
588.129000
11
44.452800
21
587.959000
0
LINE
8
Layer 1
10
44.452800
20
587.959000
11
44.496500
21
587.754000
0
LINE
8
Layer 1
10
44.496500
20
587.754000
11
44.452800
21
587.548000
0
LINE
8
Layer 1
10
44.452800
20
587.548000
11
44.329300
21
587.378000
0
LINE
8
Layer 1
10
44.329300
20
587.378000
11
44.147300
21
587.273000
0
LINE
8
Layer 1
10
44.147300
20
587.273000
11
43.938200
21
587.251000
0
LINE
8
Layer 1
10
43.938200
20
587.251000
11
43.738400
21
587.316000
0
LINE
8
Layer 1
10
117.345000
20
587.316000
11
117.189000
21
587.457000
0
LINE
8
Layer 1
10
117.189000
20
587.457000
11
117.103000
21
587.649000
0
LINE
8
Layer 1
10
117.103000
20
587.649000
11
117.103000
21
587.859000
0
LINE
8
Layer 1
10
117.103000
20
587.859000
11
117.189000
21
588.051000
0
LINE
8
Layer 1
10
117.189000
20
588.051000
11
117.345000
21
588.191000
0
LINE
8
Layer 1
10
117.345000
20
588.191000
11
117.545000
21
588.256000
0
LINE
8
Layer 1
10
117.545000
20
588.256000
11
117.754000
21
588.234000
0
LINE
8
Layer 1
10
117.754000
20
588.234000
11
117.936000
21
588.129000
0
LINE
8
Layer 1
10
117.936000
20
588.129000
11
118.059000
21
587.959000
0
LINE
8
Layer 1
10
118.059000
20
587.959000
11
118.103000
21
587.754000
0
LINE
8
Layer 1
10
118.103000
20
587.754000
11
118.059000
21
587.548000
0
LINE
8
Layer 1
10
118.059000
20
587.548000
11
117.936000
21
587.378000
0
LINE
8
Layer 1
10
117.936000
20
587.378000
11
117.754000
21
587.273000
0
LINE
8
Layer 1
10
117.754000
20
587.273000
11
117.545000
21
587.251000
0
LINE
8
Layer 1
10
117.545000
20
587.251000
11
117.345000
21
587.316000
0
LINE
8
Layer 1
10
41.653800
20
586.127000
11
41.497600
21
586.267000
0
LINE
8
Layer 1
10
41.497600
20
586.267000
11
41.412100
21
586.459000
0
LINE
8
Layer 1
10
41.412100
20
586.459000
11
41.412100
21
586.670000
0
LINE
8
Layer 1
10
41.412100
20
586.670000
11
41.497600
21
586.862000
0
LINE
8
Layer 1
10
41.497600
20
586.862000
11
41.653800
21
587.002000
0
LINE
8
Layer 1
10
41.653800
20
587.002000
11
41.853600
21
587.067000
0
LINE
8
Layer 1
10
41.853600
20
587.067000
11
42.062700
21
587.045000
0
LINE
8
Layer 1
10
42.062700
20
587.045000
11
42.244700
21
586.940000
0
LINE
8
Layer 1
10
42.244700
20
586.940000
11
42.368200
21
586.770000
0
LINE
8
Layer 1
10
42.368200
20
586.770000
11
42.411900
21
586.565000
0
LINE
8
Layer 1
10
42.411900
20
586.565000
11
42.368200
21
586.359000
0
LINE
8
Layer 1
10
42.368200
20
586.359000
11
42.244700
21
586.189000
0
LINE
8
Layer 1
10
42.244700
20
586.189000
11
42.062700
21
586.084000
0
LINE
8
Layer 1
10
42.062700
20
586.084000
11
41.853600
21
586.062000
0
LINE
8
Layer 1
10
41.853600
20
586.062000
11
41.653800
21
586.127000
0
LINE
8
Layer 1
10
119.430000
20
586.127000
11
119.273000
21
586.267000
0
LINE
8
Layer 1
10
119.273000
20
586.267000
11
119.188000
21
586.459000
0
LINE
8
Layer 1
10
119.188000
20
586.459000
11
119.188000
21
586.670000
0
LINE
8
Layer 1
10
119.188000
20
586.670000
11
119.273000
21
586.862000
0
LINE
8
Layer 1
10
119.273000
20
586.862000
11
119.430000
21
587.002000
0
LINE
8
Layer 1
10
119.430000
20
587.002000
11
119.629000
21
587.067000
0
LINE
8
Layer 1
10
119.629000
20
587.067000
11
119.838000
21
587.045000
0
LINE
8
Layer 1
10
119.838000
20
587.045000
11
120.020000
21
586.940000
0
LINE
8
Layer 1
10
120.020000
20
586.940000
11
120.144000
21
586.770000
0
LINE
8
Layer 1
10
120.144000
20
586.770000
11
120.188000
21
586.565000
0
LINE
8
Layer 1
10
120.188000
20
586.565000
11
120.144000
21
586.359000
0
LINE
8
Layer 1
10
120.144000
20
586.359000
11
120.020000
21
586.189000
0
LINE
8
Layer 1
10
120.020000
20
586.189000
11
119.838000
21
586.084000
0
LINE
8
Layer 1
10
119.838000
20
586.084000
11
119.629000
21
586.062000
0
LINE
8
Layer 1
10
119.629000
20
586.062000
11
119.430000
21
586.127000
0
LINE
8
Layer 1
10
39.607500
20
584.873000
11
39.451300
21
585.014000
0
LINE
8
Layer 1
10
39.451300
20
585.014000
11
39.365800
21
585.206000
0
LINE
8
Layer 1
10
39.365800
20
585.206000
11
39.365800
21
585.416000
0
LINE
8
Layer 1
10
39.365800
20
585.416000
11
39.451300
21
585.608000
0
LINE
8
Layer 1
10
39.451300
20
585.608000
11
39.607500
21
585.748000
0
LINE
8
Layer 1
10
39.607500
20
585.748000
11
39.807400
21
585.813000
0
LINE
8
Layer 1
10
39.807400
20
585.813000
11
40.016400
21
585.791000
0
LINE
8
Layer 1
10
40.016400
20
585.791000
11
40.198400
21
585.686000
0
LINE
8
Layer 1
10
40.198400
20
585.686000
11
40.321900
21
585.516000
0
LINE
8
Layer 1
10
40.321900
20
585.516000
11
40.365700
21
585.311000
0
LINE
8
Layer 1
10
40.365700
20
585.311000
11
40.321900
21
585.105000
0
LINE
8
Layer 1
10
40.321900
20
585.105000
11
40.198400
21
584.935000
0
LINE
8
Layer 1
10
40.198400
20
584.935000
11
40.016400
21
584.830000
0
LINE
8
Layer 1
10
40.016400
20
584.830000
11
39.807400
21
584.808000
0
LINE
8
Layer 1
10
39.807400
20
584.808000
11
39.607500
21
584.873000
0
LINE
8
Layer 1
10
121.476000
20
584.873000
11
121.320000
21
585.014000
0
LINE
8
Layer 1
10
121.320000
20
585.014000
11
121.234000
21
585.206000
0
LINE
8
Layer 1
10
121.234000
20
585.206000
11
121.234000
21
585.416000
0
LINE
8
Layer 1
10
121.234000
20
585.416000
11
121.320000
21
585.608000
0
LINE
8
Layer 1
10
121.320000
20
585.608000
11
121.476000
21
585.748000
0
LINE
8
Layer 1
10
121.476000
20
585.748000
11
121.676000
21
585.813000
0
LINE
8
Layer 1
10
121.676000
20
585.813000
11
121.885000
21
585.791000
0
LINE
8
Layer 1
10
121.885000
20
585.791000
11
122.067000
21
585.686000
0
LINE
8
Layer 1
10
122.067000
20
585.686000
11
122.190000
21
585.516000
0
LINE
8
Layer 1
10
122.190000
20
585.516000
11
122.234000
21
585.311000
0
LINE
8
Layer 1
10
122.234000
20
585.311000
11
122.190000
21
585.105000
0
LINE
8
Layer 1
10
122.190000
20
585.105000
11
122.067000
21
584.935000
0
LINE
8
Layer 1
10
122.067000
20
584.935000
11
121.885000
21
584.830000
0
LINE
8
Layer 1
10
121.885000
20
584.830000
11
121.676000
21
584.808000
0
LINE
8
Layer 1
10
121.676000
20
584.808000
11
121.476000
21
584.873000
0
LINE
8
Layer 1
10
37.601700
20
583.555000
11
37.445500
21
583.696000
0
LINE
8
Layer 1
10
37.445500
20
583.696000
11
37.360000
21
583.888000
0
LINE
8
Layer 1
10
37.360000
20
583.888000
11
37.360000
21
584.098000
0
LINE
8
Layer 1
10
37.360000
20
584.098000
11
37.445500
21
584.290000
0
LINE
8
Layer 1
10
37.445500
20
584.290000
11
37.601700
21
584.431000
0
LINE
8
Layer 1
10
37.601700
20
584.431000
11
37.801500
21
584.496000
0
LINE
8
Layer 1
10
37.801500
20
584.496000
11
38.010600
21
584.474000
0
LINE
8
Layer 1
10
38.010600
20
584.474000
11
38.192600
21
584.369000
0
LINE
8
Layer 1
10
38.192600
20
584.369000
11
38.316100
21
584.199000
0
LINE
8
Layer 1
10
38.316100
20
584.199000
11
38.359800
21
583.993000
0
LINE
8
Layer 1
10
38.359800
20
583.993000
11
38.316100
21
583.787000
0
LINE
8
Layer 1
10
38.316100
20
583.787000
11
38.192600
21
583.617000
0
LINE
8
Layer 1
10
38.192600
20
583.617000
11
38.010600
21
583.512000
0
LINE
8
Layer 1
10
38.010600
20
583.512000
11
37.801500
21
583.490000
0
LINE
8
Layer 1
10
37.801500
20
583.490000
11
37.601700
21
583.555000
0
LINE
8
Layer 1
10
123.482000
20
583.555000
11
123.325000
21
583.696000
0
LINE
8
Layer 1
10
123.325000
20
583.696000
11
123.240000
21
583.888000
0
LINE
8
Layer 1
10
123.240000
20
583.888000
11
123.240000
21
584.098000
0
LINE
8
Layer 1
10
123.240000
20
584.098000
11
123.325000
21
584.290000
0
LINE
8
Layer 1
10
123.325000
20
584.290000
11
123.482000
21
584.431000
0
LINE
8
Layer 1
10
123.482000
20
584.431000
11
123.682000
21
584.496000
0
LINE
8
Layer 1
10
123.682000
20
584.496000
11
123.891000
21
584.474000
0
LINE
8
Layer 1
10
123.891000
20
584.474000
11
124.073000
21
584.369000
0
LINE
8
Layer 1
10
124.073000
20
584.369000
11
124.196000
21
584.199000
0
LINE
8
Layer 1
10
124.196000
20
584.199000
11
124.240000
21
583.993000
0
LINE
8
Layer 1
10
124.240000
20
583.993000
11
124.196000
21
583.787000
0
LINE
8
Layer 1
10
124.196000
20
583.787000
11
124.073000
21
583.617000
0
LINE
8
Layer 1
10
124.073000
20
583.617000
11
123.891000
21
583.512000
0
LINE
8
Layer 1
10
123.891000
20
583.512000
11
123.682000
21
583.490000
0
LINE
8
Layer 1
10
123.682000
20
583.490000
11
123.482000
21
583.555000
0
LINE
8
Layer 1
10
35.638200
20
582.175000
11
35.482000
21
582.316000
0
LINE
8
Layer 1
10
35.482000
20
582.316000
11
35.396500
21
582.508000
0
LINE
8
Layer 1
10
35.396500
20
582.508000
11
35.396500
21
582.718000
0
LINE
8
Layer 1
10
35.396500
20
582.718000
11
35.482000
21
582.910000
0
LINE
8
Layer 1
10
35.482000
20
582.910000
11
35.638200
21
583.051000
0
LINE
8
Layer 1
10
35.638200
20
583.051000
11
35.838000
21
583.116000
0
LINE
8
Layer 1
10
35.838000
20
583.116000
11
36.047100
21
583.094000
0
LINE
8
Layer 1
10
36.047100
20
583.094000
11
36.229100
21
582.989000
0
LINE
8
Layer 1
10
36.229100
20
582.989000
11
36.352600
21
582.819000
0
LINE
8
Layer 1
10
36.352600
20
582.819000
11
36.396300
21
582.613000
0
LINE
8
Layer 1
10
36.396300
20
582.613000
11
36.352600
21
582.407000
0
LINE
8
Layer 1
10
36.352600
20
582.407000
11
36.229100
21
582.237000
0
LINE
8
Layer 1
10
36.229100
20
582.237000
11
36.047100
21
582.132000
0
LINE
8
Layer 1
10
36.047100
20
582.132000
11
35.838000
21
582.110000
0
LINE
8
Layer 1
10
35.838000
20
582.110000
11
35.638200
21
582.175000
0
LINE
8
Layer 1
10
125.445000
20
582.175000
11
125.289000
21
582.316000
0
LINE
8
Layer 1
10
125.289000
20
582.316000
11
125.203000
21
582.508000
0
LINE
8
Layer 1
10
125.203000
20
582.508000
11
125.203000
21
582.718000
0
LINE
8
Layer 1
10
125.203000
20
582.718000
11
125.289000
21
582.910000
0
LINE
8
Layer 1
10
125.289000
20
582.910000
11
125.445000
21
583.051000
0
LINE
8
Layer 1
10
125.445000
20
583.051000
11
125.645000
21
583.116000
0
LINE
8
Layer 1
10
125.645000
20
583.116000
11
125.854000
21
583.094000
0
LINE
8
Layer 1
10
125.854000
20
583.094000
11
126.036000
21
582.989000
0
LINE
8
Layer 1
10
126.036000
20
582.989000
11
126.160000
21
582.819000
0
LINE
8
Layer 1
10
126.160000
20
582.819000
11
126.203000
21
582.613000
0
LINE
8
Layer 1
10
126.203000
20
582.613000
11
126.160000
21
582.408000
0
LINE
8
Layer 1
10
126.160000
20
582.408000
11
126.036000
21
582.237000
0
LINE
8
Layer 1
10
126.036000
20
582.237000
11
125.854000
21
582.132000
0
LINE
8
Layer 1
10
125.854000
20
582.132000
11
125.645000
21
582.110000
0
LINE
8
Layer 1
10
125.645000
20
582.110000
11
125.445000
21
582.175000
0
LINE
8
Layer 1
10
33.719000
20
580.734000
11
33.562800
21
580.875000
0
LINE
8
Layer 1
10
33.562800
20
580.875000
11
33.477300
21
581.067000
0
LINE
8
Layer 1
10
33.477300
20
581.067000
11
33.477300
21
581.277000
0
LINE
8
Layer 1
10
33.477300
20
581.277000
11
33.562800
21
581.469000
0
LINE
8
Layer 1
10
33.562800
20
581.469000
11
33.719000
21
581.610000
0
LINE
8
Layer 1
10
33.719000
20
581.610000
11
33.918900
21
581.675000
0
LINE
8
Layer 1
10
33.918900
20
581.675000
11
34.127900
21
581.653000
0
LINE
8
Layer 1
10
34.127900
20
581.653000
11
34.310000
21
581.548000
0
LINE
8
Layer 1
10
34.310000
20
581.548000
11
34.433400
21
581.378000
0
LINE
8
Layer 1
10
34.433400
20
581.378000
11
34.477200
21
581.172000
0
LINE
8
Layer 1
10
34.477200
20
581.172000
11
34.433500
21
580.967000
0
LINE
8
Layer 1
10
34.433500
20
580.967000
11
34.309900
21
580.796000
0
LINE
8
Layer 1
10
34.309900
20
580.796000
11
34.127900
21
580.691000
0
LINE
8
Layer 1
10
34.127900
20
580.691000
11
33.918900
21
580.669000
0
LINE
8
Layer 1
10
33.918900
20
580.669000
11
33.719000
21
580.734000
0
LINE
8
Layer 1
10
127.364000
20
580.734000
11
127.208000
21
580.875000
0
LINE
8
Layer 1
10
127.208000
20
580.875000
11
127.123000
21
581.067000
0
LINE
8
Layer 1
10
127.123000
20
581.067000
11
127.123000
21
581.277000
0
LINE
8
Layer 1
10
127.123000
20
581.277000
11
127.208000
21
581.469000
0
LINE
8
Layer 1
10
127.208000
20
581.469000
11
127.364000
21
581.610000
0
LINE
8
Layer 1
10
127.364000
20
581.610000
11
127.564000
21
581.675000
0
LINE
8
Layer 1
10
127.564000
20
581.675000
11
127.773000
21
581.653000
0
LINE
8
Layer 1
10
127.773000
20
581.653000
11
127.955000
21
581.548000
0
LINE
8
Layer 1
10
127.955000
20
581.548000
11
128.079000
21
581.378000
0
LINE
8
Layer 1
10
128.079000
20
581.378000
11
128.122000
21
581.172000
0
LINE
8
Layer 1
10
128.122000
20
581.172000
11
128.079000
21
580.967000
0
LINE
8
Layer 1
10
128.079000
20
580.967000
11
127.955000
21
580.797000
0
LINE
8
Layer 1
10
127.955000
20
580.797000
11
127.773000
21
580.691000
0
LINE
8
Layer 1
10
127.773000
20
580.691000
11
127.564000
21
580.669000
0
LINE
8
Layer 1
10
127.564000
20
580.669000
11
127.364000
21
580.734000
0
LINE
8
Layer 1
10
31.846100
20
579.234000
11
31.689900
21
579.375000
0
LINE
8
Layer 1
10
31.689900
20
579.375000
11
31.604400
21
579.567000
0
LINE
8
Layer 1
10
31.604400
20
579.567000
11
31.604400
21
579.777000
0
LINE
8
Layer 1
10
31.604400
20
579.777000
11
31.689900
21
579.969000
0
LINE
8
Layer 1
10
31.689900
20
579.969000
11
31.846100
21
580.109000
0
LINE
8
Layer 1
10
31.846100
20
580.109000
11
32.045900
21
580.174000
0
LINE
8
Layer 1
10
32.045900
20
580.174000
11
32.255000
21
580.152000
0
LINE
8
Layer 1
10
32.255000
20
580.152000
11
32.437000
21
580.047000
0
LINE
8
Layer 1
10
32.437000
20
580.047000
11
32.560500
21
579.877000
0
LINE
8
Layer 1
10
32.560500
20
579.877000
11
32.604200
21
579.672000
0
LINE
8
Layer 1
10
32.604200
20
579.672000
11
32.560500
21
579.466000
0
LINE
8
Layer 1
10
32.560500
20
579.466000
11
32.437000
21
579.296000
0
LINE
8
Layer 1
10
32.437000
20
579.296000
11
32.255000
21
579.191000
0
LINE
8
Layer 1
10
32.255000
20
579.191000
11
32.045900
21
579.169000
0
LINE
8
Layer 1
10
32.045900
20
579.169000
11
31.846100
21
579.234000
0
LINE
8
Layer 1
10
129.237000
20
579.234000
11
129.081000
21
579.374000
0
LINE
8
Layer 1
10
129.081000
20
579.374000
11
128.996000
21
579.567000
0
LINE
8
Layer 1
10
128.996000
20
579.567000
11
128.996000
21
579.777000
0
LINE
8
Layer 1
10
128.996000
20
579.777000
11
129.081000
21
579.969000
0
LINE
8
Layer 1
10
129.081000
20
579.969000
11
129.237000
21
580.109000
0
LINE
8
Layer 1
10
129.237000
20
580.109000
11
129.437000
21
580.174000
0
LINE
8
Layer 1
10
129.437000
20
580.174000
11
129.646000
21
580.152000
0
LINE
8
Layer 1
10
129.646000
20
580.152000
11
129.828000
21
580.047000
0
LINE
8
Layer 1
10
129.828000
20
580.047000
11
129.952000
21
579.877000
0
LINE
8
Layer 1
10
129.952000
20
579.877000
11
129.995000
21
579.672000
0
LINE
8
Layer 1
10
129.995000
20
579.672000
11
129.952000
21
579.466000
0
LINE
8
Layer 1
10
129.952000
20
579.466000
11
129.828000
21
579.296000
0
LINE
8
Layer 1
10
129.828000
20
579.296000
11
129.646000
21
579.191000
0
LINE
8
Layer 1
10
129.646000
20
579.191000
11
129.437000
21
579.169000
0
LINE
8
Layer 1
10
129.437000
20
579.169000
11
129.237000
21
579.234000
0
LINE
8
Layer 1
10
30.021200
20
577.675000
11
29.865000
21
577.816000
0
LINE
8
Layer 1
10
29.865000
20
577.816000
11
29.779500
21
578.008000
0
LINE
8
Layer 1
10
29.779500
20
578.008000
11
29.779500
21
578.218000
0
LINE
8
Layer 1
10
29.779500
20
578.218000
11
29.865000
21
578.410000
0
LINE
8
Layer 1
10
29.865000
20
578.410000
11
30.021200
21
578.551000
0
LINE
8
Layer 1
10
30.021200
20
578.551000
11
30.221000
21
578.616000
0
LINE
8
Layer 1
10
30.221000
20
578.616000
11
30.430100
21
578.594000
0
LINE
8
Layer 1
10
30.430100
20
578.594000
11
30.612100
21
578.489000
0
LINE
8
Layer 1
10
30.612100
20
578.489000
11
30.735600
21
578.319000
0
LINE
8
Layer 1
10
30.735600
20
578.319000
11
30.779300
21
578.113000
0
LINE
8
Layer 1
10
30.779300
20
578.113000
11
30.735600
21
577.907000
0
LINE
8
Layer 1
10
30.735600
20
577.907000
11
30.612100
21
577.737000
0
LINE
8
Layer 1
10
30.612100
20
577.737000
11
30.430100
21
577.632000
0
LINE
8
Layer 1
10
30.430100
20
577.632000
11
30.221000
21
577.610000
0
LINE
8
Layer 1
10
30.221000
20
577.610000
11
30.021200
21
577.675000
0
LINE
8
Layer 1
10
131.062000
20
577.675000
11
130.906000
21
577.816000
0
LINE
8
Layer 1
10
130.906000
20
577.816000
11
130.820000
21
578.008000
0
LINE
8
Layer 1
10
130.820000
20
578.008000
11
130.820000
21
578.218000
0
LINE
8
Layer 1
10
130.820000
20
578.218000
11
130.906000
21
578.410000
0
LINE
8
Layer 1
10
130.906000
20
578.410000
11
131.062000
21
578.551000
0
LINE
8
Layer 1
10
131.062000
20
578.551000
11
131.262000
21
578.616000
0
LINE
8
Layer 1
10
131.262000
20
578.616000
11
131.471000
21
578.594000
0
LINE
8
Layer 1
10
131.471000
20
578.594000
11
131.653000
21
578.489000
0
LINE
8
Layer 1
10
131.653000
20
578.489000
11
131.777000
21
578.319000
0
LINE
8
Layer 1
10
131.777000
20
578.319000
11
131.820000
21
578.113000
0
LINE
8
Layer 1
10
131.820000
20
578.113000
11
131.777000
21
577.907000
0
LINE
8
Layer 1
10
131.777000
20
577.907000
11
131.653000
21
577.737000
0
LINE
8
Layer 1
10
131.653000
20
577.737000
11
131.471000
21
577.632000
0
LINE
8
Layer 1
10
131.471000
20
577.632000
11
131.262000
21
577.610000
0
LINE
8
Layer 1
10
131.262000
20
577.610000
11
131.062000
21
577.675000
0
LINE
8
Layer 1
10
28.246100
20
576.060000
11
28.089900
21
576.201000
0
LINE
8
Layer 1
10
28.089900
20
576.201000
11
28.004400
21
576.393000
0
LINE
8
Layer 1
10
28.004400
20
576.393000
11
28.004400
21
576.603000
0
LINE
8
Layer 1
10
28.004400
20
576.603000
11
28.089900
21
576.795000
0
LINE
8
Layer 1
10
28.089900
20
576.795000
11
28.246100
21
576.936000
0
LINE
8
Layer 1
10
28.246100
20
576.936000
11
28.446000
21
577.000000
0
LINE
8
Layer 1
10
28.446000
20
577.000000
11
28.655000
21
576.979000
0
LINE
8
Layer 1
10
28.655000
20
576.979000
11
28.837100
21
576.873000
0
LINE
8
Layer 1
10
28.837100
20
576.873000
11
28.960600
21
576.703000
0
LINE
8
Layer 1
10
28.960600
20
576.703000
11
29.004300
21
576.498000
0
LINE
8
Layer 1
10
29.004300
20
576.498000
11
28.960600
21
576.292000
0
LINE
8
Layer 1
10
28.960600
20
576.292000
11
28.837100
21
576.122000
0
LINE
8
Layer 1
10
28.837100
20
576.122000
11
28.655000
21
576.017000
0
LINE
8
Layer 1
10
28.655000
20
576.017000
11
28.446000
21
575.995000
0
LINE
8
Layer 1
10
28.446000
20
575.995000
11
28.246100
21
576.060000
0
LINE
8
Layer 1
10
132.837000
20
576.060000
11
132.681000
21
576.201000
0
LINE
8
Layer 1
10
132.681000
20
576.201000
11
132.596000
21
576.393000
0
LINE
8
Layer 1
10
132.596000
20
576.393000
11
132.596000
21
576.603000
0
LINE
8
Layer 1
10
132.596000
20
576.603000
11
132.681000
21
576.795000
0
LINE
8
Layer 1
10
132.681000
20
576.795000
11
132.837000
21
576.936000
0
LINE
8
Layer 1
10
132.837000
20
576.936000
11
133.037000
21
577.000000
0
LINE
8
Layer 1
10
133.037000
20
577.000000
11
133.246000
21
576.979000
0
LINE
8
Layer 1
10
133.246000
20
576.979000
11
133.428000
21
576.873000
0
LINE
8
Layer 1
10
133.428000
20
576.873000
11
133.552000
21
576.703000
0
LINE
8
Layer 1
10
133.552000
20
576.703000
11
133.595000
21
576.498000
0
LINE
8
Layer 1
10
133.595000
20
576.498000
11
133.552000
21
576.292000
0
LINE
8
Layer 1
10
133.552000
20
576.292000
11
133.428000
21
576.122000
0
LINE
8
Layer 1
10
133.428000
20
576.122000
11
133.246000
21
576.017000
0
LINE
8
Layer 1
10
133.246000
20
576.017000
11
133.037000
21
575.995000
0
LINE
8
Layer 1
10
133.037000
20
575.995000
11
132.837000
21
576.060000
0
LINE
8
Layer 1
10
26.522700
20
574.390000
11
26.366500
21
574.531000
0
LINE
8
Layer 1
10
26.366500
20
574.531000
11
26.281000
21
574.723000
0
LINE
8
Layer 1
10
26.281000
20
574.723000
11
26.281000
21
574.933000
0
LINE
8
Layer 1
10
26.281000
20
574.933000
11
26.366500
21
575.125000
0
LINE
8
Layer 1
10
26.366500
20
575.125000
11
26.522700
21
575.265000
0
LINE
8
Layer 1
10
26.522700
20
575.265000
11
26.722500
21
575.330000
0
LINE
8
Layer 1
10
26.722500
20
575.330000
11
26.931600
21
575.308000
0
LINE
8
Layer 1
10
26.931600
20
575.308000
11
27.113600
21
575.203000
0
LINE
8
Layer 1
10
27.113600
20
575.203000
11
27.237100
21
575.033000
0
LINE
8
Layer 1
10
27.237100
20
575.033000
11
27.280800
21
574.828000
0
LINE
8
Layer 1
10
27.280800
20
574.828000
11
27.237100
21
574.622000
0
LINE
8
Layer 1
10
27.237100
20
574.622000
11
27.113600
21
574.452000
0
LINE
8
Layer 1
10
27.113600
20
574.452000
11
26.931600
21
574.347000
0
LINE
8
Layer 1
10
26.931600
20
574.347000
11
26.722500
21
574.325000
0
LINE
8
Layer 1
10
26.722500
20
574.325000
11
26.522700
21
574.390000
0
LINE
8
Layer 1
10
134.561000
20
574.390000
11
134.404000
21
574.531000
0
LINE
8
Layer 1
10
134.404000
20
574.531000
11
134.319000
21
574.723000
0
LINE
8
Layer 1
10
134.319000
20
574.723000
11
134.319000
21
574.933000
0
LINE
8
Layer 1
10
134.319000
20
574.933000
11
134.404000
21
575.125000
0
LINE
8
Layer 1
10
134.404000
20
575.125000
11
134.561000
21
575.265000
0
LINE
8
Layer 1
10
134.561000
20
575.265000
11
134.760000
21
575.330000
0
LINE
8
Layer 1
10
134.760000
20
575.330000
11
134.970000
21
575.308000
0
LINE
8
Layer 1
10
134.970000
20
575.308000
11
135.152000
21
575.203000
0
LINE
8
Layer 1
10
135.152000
20
575.203000
11
135.275000
21
575.033000
0
LINE
8
Layer 1
10
135.275000
20
575.033000
11
135.319000
21
574.828000
0
LINE
8
Layer 1
10
135.319000
20
574.828000
11
135.275000
21
574.622000
0
LINE
8
Layer 1
10
135.275000
20
574.622000
11
135.152000
21
574.452000
0
LINE
8
Layer 1
10
135.152000
20
574.452000
11
134.970000
21
574.347000
0
LINE
8
Layer 1
10
134.970000
20
574.347000
11
134.760000
21
574.325000
0
LINE
8
Layer 1
10
134.760000
20
574.325000
11
134.561000
21
574.390000
0
LINE
8
Layer 1
10
24.852600
20
572.667000
11
24.696400
21
572.807000
0
LINE
8
Layer 1
10
24.696400
20
572.807000
11
24.610900
21
572.999000
0
LINE
8
Layer 1
10
24.610900
20
572.999000
11
24.610900
21
573.209000
0
LINE
8
Layer 1
10
24.610900
20
573.209000
11
24.696400
21
573.401000
0
LINE
8
Layer 1
10
24.696400
20
573.401000
11
24.852600
21
573.542000
0
LINE
8
Layer 1
10
24.852600
20
573.542000
11
25.052400
21
573.607000
0
LINE
8
Layer 1
10
25.052400
20
573.607000
11
25.261500
21
573.585000
0
LINE
8
Layer 1
10
25.261500
20
573.585000
11
25.443500
21
573.480000
0
LINE
8
Layer 1
10
25.443500
20
573.480000
11
25.567000
21
573.310000
0
LINE
8
Layer 1
10
25.567000
20
573.310000
11
25.610700
21
573.104000
0
LINE
8
Layer 1
10
25.610700
20
573.104000
11
25.567000
21
572.899000
0
LINE
8
Layer 1
10
25.567000
20
572.899000
11
25.443500
21
572.729000
0
LINE
8
Layer 1
10
25.443500
20
572.729000
11
25.261500
21
572.624000
0
LINE
8
Layer 1
10
25.261500
20
572.624000
11
25.052400
21
572.602000
0
LINE
8
Layer 1
10
25.052400
20
572.602000
11
24.852600
21
572.667000
0
LINE
8
Layer 1
10
136.231000
20
572.667000
11
136.075000
21
572.807000
0
LINE
8
Layer 1
10
136.075000
20
572.807000
11
135.989000
21
572.999000
0
LINE
8
Layer 1
10
135.989000
20
572.999000
11
135.989000
21
573.209000
0
LINE
8
Layer 1
10
135.989000
20
573.209000
11
136.075000
21
573.401000
0
LINE
8
Layer 1
10
136.075000
20
573.401000
11
136.231000
21
573.542000
0
LINE
8
Layer 1
10
136.231000
20
573.542000
11
136.431000
21
573.607000
0
LINE
8
Layer 1
10
136.431000
20
573.607000
11
136.640000
21
573.585000
0
LINE
8
Layer 1
10
136.640000
20
573.585000
11
136.822000
21
573.480000
0
LINE
8
Layer 1
10
136.822000
20
573.480000
11
136.945000
21
573.310000
0
LINE
8
Layer 1
10
136.945000
20
573.310000
11
136.989000
21
573.104000
0
LINE
8
Layer 1
10
136.989000
20
573.104000
11
136.945000
21
572.899000
0
LINE
8
Layer 1
10
136.945000
20
572.899000
11
136.822000
21
572.729000
0
LINE
8
Layer 1
10
136.822000
20
572.729000
11
136.640000
21
572.624000
0
LINE
8
Layer 1
10
136.640000
20
572.624000
11
136.431000
21
572.602000
0
LINE
8
Layer 1
10
136.431000
20
572.602000
11
136.231000
21
572.667000
0
LINE
8
Layer 1
10
23.237400
20
570.892000
11
23.081200
21
571.032000
0
LINE
8
Layer 1
10
23.081200
20
571.032000
11
22.995700
21
571.224000
0
LINE
8
Layer 1
10
22.995700
20
571.224000
11
22.995700
21
571.434000
0
LINE
8
Layer 1
10
22.995700
20
571.434000
11
23.081200
21
571.626000
0
LINE
8
Layer 1
10
23.081200
20
571.626000
11
23.237400
21
571.767000
0
LINE
8
Layer 1
10
23.237400
20
571.767000
11
23.437300
21
571.832000
0
LINE
8
Layer 1
10
23.437300
20
571.832000
11
23.646300
21
571.810000
0
LINE
8
Layer 1
10
23.646300
20
571.810000
11
23.828300
21
571.705000
0
LINE
8
Layer 1
10
23.828300
20
571.705000
11
23.951800
21
571.535000
0
LINE
8
Layer 1
10
23.951800
20
571.535000
11
23.995500
21
571.329000
0
LINE
8
Layer 1
10
23.995500
20
571.329000
11
23.951800
21
571.124000
0
LINE
8
Layer 1
10
23.951800
20
571.124000
11
23.828300
21
570.954000
0
LINE
8
Layer 1
10
23.828300
20
570.954000
11
23.646300
21
570.849000
0
LINE
8
Layer 1
10
23.646300
20
570.849000
11
23.437300
21
570.827000
0
LINE
8
Layer 1
10
23.437300
20
570.827000
11
23.237400
21
570.892000
0
LINE
8
Layer 1
10
137.846000
20
570.892000
11
137.690000
21
571.032000
0
LINE
8
Layer 1
10
137.690000
20
571.032000
11
137.604000
21
571.224000
0
LINE
8
Layer 1
10
137.604000
20
571.224000
11
137.604000
21
571.434000
0
LINE
8
Layer 1
10
137.604000
20
571.434000
11
137.690000
21
571.626000
0
LINE
8
Layer 1
10
137.690000
20
571.626000
11
137.846000
21
571.767000
0
LINE
8
Layer 1
10
137.846000
20
571.767000
11
138.046000
21
571.832000
0
LINE
8
Layer 1
10
138.046000
20
571.832000
11
138.255000
21
571.810000
0
LINE
8
Layer 1
10
138.255000
20
571.810000
11
138.437000
21
571.705000
0
LINE
8
Layer 1
10
138.437000
20
571.705000
11
138.560000
21
571.535000
0
LINE
8
Layer 1
10
138.560000
20
571.535000
11
138.604000
21
571.329000
0
LINE
8
Layer 1
10
138.604000
20
571.329000
11
138.560000
21
571.124000
0
LINE
8
Layer 1
10
138.560000
20
571.124000
11
138.437000
21
570.954000
0
LINE
8
Layer 1
10
138.437000
20
570.954000
11
138.255000
21
570.849000
0
LINE
8
Layer 1
10
138.255000
20
570.849000
11
138.046000
21
570.827000
0
LINE
8
Layer 1
10
138.046000
20
570.827000
11
137.846000
21
570.892000
0
LINE
8
Layer 1
10
21.678800
20
569.067000
11
21.522600
21
569.207000
0
LINE
8
Layer 1
10
21.522600
20
569.207000
11
21.437100
21
569.399000
0
LINE
8
Layer 1
10
21.437100
20
569.399000
11
21.437100
21
569.609000
0
LINE
8
Layer 1
10
21.437100
20
569.609000
11
21.522600
21
569.801000
0
LINE
8
Layer 1
10
21.522600
20
569.801000
11
21.678800
21
569.942000
0
LINE
8
Layer 1
10
21.678800
20
569.942000
11
21.878600
21
570.007000
0
LINE
8
Layer 1
10
21.878600
20
570.007000
11
22.087700
21
569.985000
0
LINE
8
Layer 1
10
22.087700
20
569.985000
11
22.269700
21
569.880000
0
LINE
8
Layer 1
10
22.269700
20
569.880000
11
22.393200
21
569.710000
0
LINE
8
Layer 1
10
22.393200
20
569.710000
11
22.436900
21
569.504000
0
LINE
8
Layer 1
10
22.436900
20
569.504000
11
22.393200
21
569.299000
0
LINE
8
Layer 1
10
22.393200
20
569.299000
11
22.269700
21
569.129000
0
LINE
8
Layer 1
10
22.269700
20
569.129000
11
22.087700
21
569.024000
0
LINE
8
Layer 1
10
22.087700
20
569.024000
11
21.878600
21
569.002000
0
LINE
8
Layer 1
10
21.878600
20
569.002000
11
21.678800
21
569.067000
0
LINE
8
Layer 1
10
139.405000
20
569.067000
11
139.248000
21
569.207000
0
LINE
8
Layer 1
10
139.248000
20
569.207000
11
139.163000
21
569.399000
0
LINE
8
Layer 1
10
139.163000
20
569.399000
11
139.163000
21
569.609000
0
LINE
8
Layer 1
10
139.163000
20
569.609000
11
139.248000
21
569.801000
0
LINE
8
Layer 1
10
139.248000
20
569.801000
11
139.405000
21
569.942000
0
LINE
8
Layer 1
10
139.405000
20
569.942000
11
139.604000
21
570.007000
0
LINE
8
Layer 1
10
139.604000
20
570.007000
11
139.813000
21
569.985000
0
LINE
8
Layer 1
10
139.813000
20
569.985000
11
139.995000
21
569.880000
0
LINE
8
Layer 1
10
139.995000
20
569.880000
11
140.119000
21
569.710000
0
LINE
8
Layer 1
10
140.119000
20
569.710000
11
140.163000
21
569.504000
0
LINE
8
Layer 1
10
140.163000
20
569.504000
11
140.119000
21
569.299000
0
LINE
8
Layer 1
10
140.119000
20
569.299000
11
139.995000
21
569.129000
0
LINE
8
Layer 1
10
139.995000
20
569.129000
11
139.813000
21
569.024000
0
LINE
8
Layer 1
10
139.813000
20
569.024000
11
139.604000
21
569.002000
0
LINE
8
Layer 1
10
139.604000
20
569.002000
11
139.405000
21
569.067000
0
LINE
8
Layer 1
10
20.178300
20
567.194000
11
20.022100
21
567.334000
0
LINE
8
Layer 1
10
20.022100
20
567.334000
11
19.936600
21
567.526000
0
LINE
8
Layer 1
10
19.936600
20
567.526000
11
19.936600
21
567.736000
0
LINE
8
Layer 1
10
19.936600
20
567.736000
11
20.022100
21
567.928000
0
LINE
8
Layer 1
10
20.022100
20
567.928000
11
20.178300
21
568.069000
0
LINE
8
Layer 1
10
20.178300
20
568.069000
11
20.378100
21
568.134000
0
LINE
8
Layer 1
10
20.378100
20
568.134000
11
20.587200
21
568.112000
0
LINE
8
Layer 1
10
20.587200
20
568.112000
11
20.769200
21
568.007000
0
LINE
8
Layer 1
10
20.769200
20
568.007000
11
20.892700
21
567.837000
0
LINE
8
Layer 1
10
20.892700
20
567.837000
11
20.936400
21
567.631000
0
LINE
8
Layer 1
10
20.936400
20
567.631000
11
20.892700
21
567.426000
0
LINE
8
Layer 1
10
20.892700
20
567.426000
11
20.769200
21
567.256000
0
LINE
8
Layer 1
10
20.769200
20
567.256000
11
20.587200
21
567.151000
0
LINE
8
Layer 1
10
20.587200
20
567.151000
11
20.378100
21
567.129000
0
LINE
8
Layer 1
10
20.378100
20
567.129000
11
20.178300
21
567.194000
0
LINE
8
Layer 1
10
140.905000
20
567.194000
11
140.749000
21
567.334000
0
LINE
8
Layer 1
10
140.749000
20
567.334000
11
140.663000
21
567.526000
0
LINE
8
Layer 1
10
140.663000
20
567.526000
11
140.663000
21
567.736000
0
LINE
8
Layer 1
10
140.663000
20
567.736000
11
140.749000
21
567.928000
0
LINE
8
Layer 1
10
140.749000
20
567.928000
11
140.905000
21
568.069000
0
LINE
8
Layer 1
10
140.905000
20
568.069000
11
141.105000
21
568.134000
0
LINE
8
Layer 1
10
141.105000
20
568.134000
11
141.314000
21
568.112000
0
LINE
8
Layer 1
10
141.314000
20
568.112000
11
141.496000
21
568.007000
0
LINE
8
Layer 1
10
141.496000
20
568.007000
11
141.619000
21
567.837000
0
LINE
8
Layer 1
10
141.619000
20
567.837000
11
141.663000
21
567.631000
0
LINE
8
Layer 1
10
141.663000
20
567.631000
11
141.619000
21
567.426000
0
LINE
8
Layer 1
10
141.619000
20
567.426000
11
141.496000
21
567.256000
0
LINE
8
Layer 1
10
141.496000
20
567.256000
11
141.314000
21
567.151000
0
LINE
8
Layer 1
10
141.314000
20
567.151000
11
141.105000
21
567.129000
0
LINE
8
Layer 1
10
141.105000
20
567.129000
11
140.905000
21
567.194000
0
LINE
8
Layer 1
10
18.737300
20
565.274000
11
18.581100
21
565.415000
0
LINE
8
Layer 1
10
18.581100
20
565.415000
11
18.495700
21
565.607000
0
LINE
8
Layer 1
10
18.495700
20
565.607000
11
18.495700
21
565.817000
0
LINE
8
Layer 1
10
18.495700
20
565.817000
11
18.581100
21
566.009000
0
LINE
8
Layer 1
10
18.581100
20
566.009000
11
18.737300
21
566.150000
0
LINE
8
Layer 1
10
18.737300
20
566.150000
11
18.937200
21
566.215000
0
LINE
8
Layer 1
10
18.937200
20
566.215000
11
19.146200
21
566.193000
0
LINE
8
Layer 1
10
19.146200
20
566.193000
11
19.328200
21
566.088000
0
LINE
8
Layer 1
10
19.328200
20
566.088000
11
19.451800
21
565.918000
0
LINE
8
Layer 1
10
19.451800
20
565.918000
11
19.495500
21
565.712000
0
LINE
8
Layer 1
10
19.495500
20
565.712000
11
19.451800
21
565.507000
0
LINE
8
Layer 1
10
19.451800
20
565.507000
11
19.328200
21
565.337000
0
LINE
8
Layer 1
10
19.328200
20
565.337000
11
19.146200
21
565.232000
0
LINE
8
Layer 1
10
19.146200
20
565.232000
11
18.937200
21
565.210000
0
LINE
8
Layer 1
10
18.937200
20
565.210000
11
18.737300
21
565.274000
0
LINE
8
Layer 1
10
142.346000
20
565.274000
11
142.190000
21
565.415000
0
LINE
8
Layer 1
10
142.190000
20
565.415000
11
142.104000
21
565.607000
0
LINE
8
Layer 1
10
142.104000
20
565.607000
11
142.104000
21
565.817000
0
LINE
8
Layer 1
10
142.104000
20
565.817000
11
142.190000
21
566.009000
0
LINE
8
Layer 1
10
142.190000
20
566.009000
11
142.346000
21
566.150000
0
LINE
8
Layer 1
10
142.346000
20
566.150000
11
142.546000
21
566.215000
0
LINE
8
Layer 1
10
142.546000
20
566.215000
11
142.755000
21
566.193000
0
LINE
8
Layer 1
10
142.755000
20
566.193000
11
142.937000
21
566.088000
0
LINE
8
Layer 1
10
142.937000
20
566.088000
11
143.060000
21
565.918000
0
LINE
8
Layer 1
10
143.060000
20
565.918000
11
143.104000
21
565.712000
0
LINE
8
Layer 1
10
143.104000
20
565.712000
11
143.060000
21
565.507000
0
LINE
8
Layer 1
10
143.060000
20
565.507000
11
142.937000
21
565.337000
0
LINE
8
Layer 1
10
142.937000
20
565.337000
11
142.755000
21
565.232000
0
LINE
8
Layer 1
10
142.755000
20
565.232000
11
142.546000
21
565.210000
0
LINE
8
Layer 1
10
142.546000
20
565.210000
11
142.346000
21
565.274000
0
LINE
8
Layer 1
10
17.357400
20
563.311000
11
17.201200
21
563.452000
0
LINE
8
Layer 1
10
17.201200
20
563.452000
11
17.115700
21
563.644000
0
LINE
8
Layer 1
10
17.115700
20
563.644000
11
17.115700
21
563.854000
0
LINE
8
Layer 1
10
17.115700
20
563.854000
11
17.201200
21
564.046000
0
LINE
8
Layer 1
10
17.201200
20
564.046000
11
17.357400
21
564.186000
0
LINE
8
Layer 1
10
17.357400
20
564.186000
11
17.557200
21
564.251000
0
LINE
8
Layer 1
10
17.557200
20
564.251000
11
17.766300
21
564.229000
0
LINE
8
Layer 1
10
17.766300
20
564.229000
11
17.948300
21
564.124000
0
LINE
8
Layer 1
10
17.948300
20
564.124000
11
18.071800
21
563.954000
0
LINE
8
Layer 1
10
18.071800
20
563.954000
11
18.115500
21
563.749000
0
LINE
8
Layer 1
10
18.115500
20
563.749000
11
18.071800
21
563.543000
0
LINE
8
Layer 1
10
18.071800
20
563.543000
11
17.948300
21
563.373000
0
LINE
8
Layer 1
10
17.948300
20
563.373000
11
17.766300
21
563.268000
0
LINE
8
Layer 1
10
17.766300
20
563.268000
11
17.557200
21
563.246000
0
LINE
8
Layer 1
10
17.557200
20
563.246000
11
17.357400
21
563.311000
0
LINE
8
Layer 1
10
143.726000
20
563.311000
11
143.570000
21
563.452000
0
LINE
8
Layer 1
10
143.570000
20
563.452000
11
143.484000
21
563.644000
0
LINE
8
Layer 1
10
143.484000
20
563.644000
11
143.484000
21
563.854000
0
LINE
8
Layer 1
10
143.484000
20
563.854000
11
143.570000
21
564.046000
0
LINE
8
Layer 1
10
143.570000
20
564.046000
11
143.726000
21
564.186000
0
LINE
8
Layer 1
10
143.726000
20
564.186000
11
143.926000
21
564.251000
0
LINE
8
Layer 1
10
143.926000
20
564.251000
11
144.135000
21
564.229000
0
LINE
8
Layer 1
10
144.135000
20
564.229000
11
144.317000
21
564.124000
0
LINE
8
Layer 1
10
144.317000
20
564.124000
11
144.440000
21
563.954000
0
LINE
8
Layer 1
10
144.440000
20
563.954000
11
144.484000
21
563.749000
0
LINE
8
Layer 1
10
144.484000
20
563.749000
11
144.440000
21
563.543000
0
LINE
8
Layer 1
10
144.440000
20
563.543000
11
144.317000
21
563.373000
0
LINE
8
Layer 1
10
144.317000
20
563.373000
11
144.135000
21
563.268000
0
LINE
8
Layer 1
10
144.135000
20
563.268000
11
143.926000
21
563.246000
0
LINE
8
Layer 1
10
143.926000
20
563.246000
11
143.726000
21
563.311000
0
LINE
8
Layer 1
10
16.039800
20
561.305000
11
15.883600
21
561.446000
0
LINE
8
Layer 1
10
15.883600
20
561.446000
11
15.798100
21
561.638000
0
LINE
8
Layer 1
10
15.798100
20
561.638000
11
15.798100
21
561.848000
0
LINE
8
Layer 1
10
15.798100
20
561.848000
11
15.883600
21
562.040000
0
LINE
8
Layer 1
10
15.883600
20
562.040000
11
16.039800
21
562.181000
0
LINE
8
Layer 1
10
16.039800
20
562.181000
11
16.239600
21
562.246000
0
LINE
8
Layer 1
10
16.239600
20
562.246000
11
16.448700
21
562.224000
0
LINE
8
Layer 1
10
16.448700
20
562.224000
11
16.630700
21
562.118000
0
LINE
8
Layer 1
10
16.630700
20
562.118000
11
16.754200
21
561.948000
0
LINE
8
Layer 1
10
16.754200
20
561.948000
11
16.797900
21
561.743000
0
LINE
8
Layer 1
10
16.797900
20
561.743000
11
16.754200
21
561.537000
0
LINE
8
Layer 1
10
16.754200
20
561.537000
11
16.630700
21
561.367000
0
LINE
8
Layer 1
10
16.630700
20
561.367000
11
16.448700
21
561.262000
0
LINE
8
Layer 1
10
16.448700
20
561.262000
11
16.239600
21
561.240000
0
LINE
8
Layer 1
10
16.239600
20
561.240000
11
16.039800
21
561.305000
0
LINE
8
Layer 1
10
145.044000
20
561.305000
11
144.887000
21
561.446000
0
LINE
8
Layer 1
10
144.887000
20
561.446000
11
144.802000
21
561.638000
0
LINE
8
Layer 1
10
144.802000
20
561.638000
11
144.802000
21
561.848000
0
LINE
8
Layer 1
10
144.802000
20
561.848000
11
144.887000
21
562.040000
0
LINE
8
Layer 1
10
144.887000
20
562.040000
11
145.044000
21
562.181000
0
LINE
8
Layer 1
10
145.044000
20
562.181000
11
145.243000
21
562.246000
0
LINE
8
Layer 1
10
145.243000
20
562.246000
11
145.452000
21
562.224000
0
LINE
8
Layer 1
10
145.452000
20
562.224000
11
145.634000
21
562.118000
0
LINE
8
Layer 1
10
145.634000
20
562.118000
11
145.758000
21
561.948000
0
LINE
8
Layer 1
10
145.758000
20
561.948000
11
145.802000
21
561.743000
0
LINE
8
Layer 1
10
145.802000
20
561.743000
11
145.758000
21
561.537000
0
LINE
8
Layer 1
10
145.758000
20
561.537000
11
145.634000
21
561.367000
0
LINE
8
Layer 1
10
145.634000
20
561.367000
11
145.452000
21
561.262000
0
LINE
8
Layer 1
10
145.452000
20
561.262000
11
145.243000
21
561.240000
0
LINE
8
Layer 1
10
145.243000
20
561.240000
11
145.044000
21
561.305000
0
LINE
8
Layer 1
10
14.785800
20
559.259000
11
14.629600
21
559.400000
0
LINE
8
Layer 1
10
14.629600
20
559.400000
11
14.544100
21
559.592000
0
LINE
8
Layer 1
10
14.544100
20
559.592000
11
14.544100
21
559.802000
0
LINE
8
Layer 1
10
14.544100
20
559.802000
11
14.629600
21
559.994000
0
LINE
8
Layer 1
10
14.629600
20
559.994000
11
14.785800
21
560.134000
0
LINE
8
Layer 1
10
14.785800
20
560.134000
11
14.985700
21
560.199000
0
LINE
8
Layer 1
10
14.985700
20
560.199000
11
15.194700
21
560.177000
0
LINE
8
Layer 1
10
15.194700
20
560.177000
11
15.376700
21
560.072000
0
LINE
8
Layer 1
10
15.376700
20
560.072000
11
15.500300
21
559.902000
0
LINE
8
Layer 1
10
15.500300
20
559.902000
11
15.544000
21
559.697000
0
LINE
8
Layer 1
10
15.544000
20
559.697000
11
15.500200
21
559.491000
0
LINE
8
Layer 1
10
15.500200
20
559.491000
11
15.376800
21
559.321000
0
LINE
8
Layer 1
10
15.376800
20
559.321000
11
15.194700
21
559.216000
0
LINE
8
Layer 1
10
15.194700
20
559.216000
11
14.985700
21
559.194000
0
LINE
8
Layer 1
10
14.985700
20
559.194000
11
14.785800
21
559.259000
0
LINE
8
Layer 1
10
146.298000
20
559.259000
11
146.141000
21
559.400000
0
LINE
8
Layer 1
10
146.141000
20
559.400000
11
146.056000
21
559.592000
0
LINE
8
Layer 1
10
146.056000
20
559.592000
11
146.056000
21
559.802000
0
LINE
8
Layer 1
10
146.056000
20
559.802000
11
146.141000
21
559.994000
0
LINE
8
Layer 1
10
146.141000
20
559.994000
11
146.298000
21
560.134000
0
LINE
8
Layer 1
10
146.298000
20
560.134000
11
146.497000
21
560.199000
0
LINE
8
Layer 1
10
146.497000
20
560.199000
11
146.706000
21
560.177000
0
LINE
8
Layer 1
10
146.706000
20
560.177000
11
146.888000
21
560.072000
0
LINE
8
Layer 1
10
146.888000
20
560.072000
11
147.012000
21
559.902000
0
LINE
8
Layer 1
10
147.012000
20
559.902000
11
147.056000
21
559.697000
0
LINE
8
Layer 1
10
147.056000
20
559.697000
11
147.012000
21
559.491000
0
LINE
8
Layer 1
10
147.012000
20
559.491000
11
146.888000
21
559.321000
0
LINE
8
Layer 1
10
146.888000
20
559.321000
11
146.706000
21
559.216000
0
LINE
8
Layer 1
10
146.706000
20
559.216000
11
146.497000
21
559.194000
0
LINE
8
Layer 1
10
146.497000
20
559.194000
11
146.298000
21
559.259000
0
LINE
8
Layer 1
10
13.596800
20
557.174000
11
13.440600
21
557.315000
0
LINE
8
Layer 1
10
13.440600
20
557.315000
11
13.355100
21
557.507000
0
LINE
8
Layer 1
10
13.355100
20
557.507000
11
13.355100
21
557.717000
0
LINE
8
Layer 1
10
13.355100
20
557.717000
11
13.440600
21
557.909000
0
LINE
8
Layer 1
10
13.440600
20
557.909000
11
13.596800
21
558.050000
0
LINE
8
Layer 1
10
13.596800
20
558.050000
11
13.796600
21
558.115000
0
LINE
8
Layer 1
10
13.796600
20
558.115000
11
14.005700
21
558.093000
0
LINE
8
Layer 1
10
14.005700
20
558.093000
11
14.187700
21
557.988000
0
LINE
8
Layer 1
10
14.187700
20
557.988000
11
14.311200
21
557.818000
0
LINE
8
Layer 1
10
14.311200
20
557.818000
11
14.354900
21
557.612000
0
LINE
8
Layer 1
10
14.354900
20
557.612000
11
14.311200
21
557.406000
0
LINE
8
Layer 1
10
14.311200
20
557.406000
11
14.187700
21
557.236000
0
LINE
8
Layer 1
10
14.187700
20
557.236000
11
14.005700
21
557.131000
0
LINE
8
Layer 1
10
14.005700
20
557.131000
11
13.796600
21
557.109000
0
LINE
8
Layer 1
10
13.796600
20
557.109000
11
13.596800
21
557.174000
0
LINE
8
Layer 1
10
147.487000
20
557.174000
11
147.330000
21
557.315000
0
LINE
8
Layer 1
10
147.330000
20
557.315000
11
147.245000
21
557.507000
0
LINE
8
Layer 1
10
147.245000
20
557.507000
11
147.245000
21
557.717000
0
LINE
8
Layer 1
10
147.245000
20
557.717000
11
147.330000
21
557.909000
0
LINE
8
Layer 1
10
147.330000
20
557.909000
11
147.487000
21
558.050000
0
LINE
8
Layer 1
10
147.487000
20
558.050000
11
147.686000
21
558.115000
0
LINE
8
Layer 1
10
147.686000
20
558.115000
11
147.895000
21
558.093000
0
LINE
8
Layer 1
10
147.895000
20
558.093000
11
148.077000
21
557.988000
0
LINE
8
Layer 1
10
148.077000
20
557.988000
11
148.201000
21
557.818000
0
LINE
8
Layer 1
10
148.201000
20
557.818000
11
148.245000
21
557.612000
0
LINE
8
Layer 1
10
148.245000
20
557.612000
11
148.201000
21
557.406000
0
LINE
8
Layer 1
10
148.201000
20
557.406000
11
148.077000
21
557.236000
0
LINE
8
Layer 1
10
148.077000
20
557.236000
11
147.895000
21
557.131000
0
LINE
8
Layer 1
10
147.895000
20
557.131000
11
147.686000
21
557.109000
0
LINE
8
Layer 1
10
147.686000
20
557.109000
11
147.487000
21
557.174000
0
LINE
8
Layer 1
10
12.473800
20
555.053000
11
12.317600
21
555.194000
0
LINE
8
Layer 1
10
12.317600
20
555.194000
11
12.232100
21
555.386000
0
LINE
8
Layer 1
10
12.232100
20
555.386000
11
12.232100
21
555.596000
0
LINE
8
Layer 1
10
12.232100
20
555.596000
11
12.317600
21
555.788000
0
LINE
8
Layer 1
10
12.317600
20
555.788000
11
12.473800
21
555.929000
0
LINE
8
Layer 1
10
12.473800
20
555.929000
11
12.673600
21
555.994000
0
LINE
8
Layer 1
10
12.673600
20
555.994000
11
12.882700
21
555.972000
0
LINE
8
Layer 1
10
12.882700
20
555.972000
11
13.064700
21
555.867000
0
LINE
8
Layer 1
10
13.064700
20
555.867000
11
13.188200
21
555.697000
0
LINE
8
Layer 1
10
13.188200
20
555.697000
11
13.231900
21
555.491000
0
LINE
8
Layer 1
10
13.231900
20
555.491000
11
13.188200
21
555.285000
0
LINE
8
Layer 1
10
13.188200
20
555.285000
11
13.064700
21
555.115000
0
LINE
8
Layer 1
10
13.064700
20
555.115000
11
12.882700
21
555.010000
0
LINE
8
Layer 1
10
12.882700
20
555.010000
11
12.673600
21
554.988000
0
LINE
8
Layer 1
10
12.673600
20
554.988000
11
12.473800
21
555.053000
0
LINE
8
Layer 1
10
148.610000
20
555.053000
11
148.453000
21
555.194000
0
LINE
8
Layer 1
10
148.453000
20
555.194000
11
148.368000
21
555.386000
0
LINE
8
Layer 1
10
148.368000
20
555.386000
11
148.368000
21
555.596000
0
LINE
8
Layer 1
10
148.368000
20
555.596000
11
148.453000
21
555.788000
0
LINE
8
Layer 1
10
148.453000
20
555.788000
11
148.610000
21
555.929000
0
LINE
8
Layer 1
10
148.610000
20
555.929000
11
148.809000
21
555.994000
0
LINE
8
Layer 1
10
148.809000
20
555.994000
11
149.018000
21
555.972000
0
LINE
8
Layer 1
10
149.018000
20
555.972000
11
149.200000
21
555.867000
0
LINE
8
Layer 1
10
149.200000
20
555.867000
11
149.324000
21
555.697000
0
LINE
8
Layer 1
10
149.324000
20
555.697000
11
149.368000
21
555.491000
0
LINE
8
Layer 1
10
149.368000
20
555.491000
11
149.324000
21
555.285000
0
LINE
8
Layer 1
10
149.324000
20
555.285000
11
149.200000
21
555.115000
0
LINE
8
Layer 1
10
149.200000
20
555.115000
11
149.018000
21
555.010000
0
LINE
8
Layer 1
10
149.018000
20
555.010000
11
148.809000
21
554.988000
0
LINE
8
Layer 1
10
148.809000
20
554.988000
11
148.610000
21
555.053000
0
LINE
8
Layer 1
10
11.418000
20
552.898000
11
11.261800
21
553.039000
0
LINE
8
Layer 1
10
11.261800
20
553.039000
11
11.176300
21
553.231000
0
LINE
8
Layer 1
10
11.176300
20
553.231000
11
11.176300
21
553.441000
0
LINE
8
Layer 1
10
11.176300
20
553.441000
11
11.261800
21
553.633000
0
LINE
8
Layer 1
10
11.261800
20
553.633000
11
11.418000
21
553.774000
0
LINE
8
Layer 1
10
11.418000
20
553.774000
11
11.617800
21
553.839000
0
LINE
8
Layer 1
10
11.617800
20
553.839000
11
11.826900
21
553.817000
0
LINE
8
Layer 1
10
11.826900
20
553.817000
11
12.008900
21
553.711000
0
LINE
8
Layer 1
10
12.008900
20
553.711000
11
12.132400
21
553.541000
0
LINE
8
Layer 1
10
12.132400
20
553.541000
11
12.176100
21
553.336000
0
LINE
8
Layer 1
10
12.176100
20
553.336000
11
12.132400
21
553.130000
0
LINE
8
Layer 1
10
12.132400
20
553.130000
11
12.008900
21
552.960000
0
LINE
8
Layer 1
10
12.008900
20
552.960000
11
11.826900
21
552.855000
0
LINE
8
Layer 1
10
11.826900
20
552.855000
11
11.617800
21
552.833000
0
LINE
8
Layer 1
10
11.617800
20
552.833000
11
11.418000
21
552.898000
0
LINE
8
Layer 1
10
149.665000
20
552.898000
11
149.509000
21
553.039000
0
LINE
8
Layer 1
10
149.509000
20
553.039000
11
149.424000
21
553.231000
0
LINE
8
Layer 1
10
149.424000
20
553.231000
11
149.424000
21
553.441000
0
LINE
8
Layer 1
10
149.424000
20
553.441000
11
149.509000
21
553.633000
0
LINE
8
Layer 1
10
149.509000
20
553.633000
11
149.665000
21
553.774000
0
LINE
8
Layer 1
10
149.665000
20
553.774000
11
149.865000
21
553.839000
0
LINE
8
Layer 1
10
149.865000
20
553.839000
11
150.074000
21
553.817000
0
LINE
8
Layer 1
10
150.074000
20
553.817000
11
150.256000
21
553.711000
0
LINE
8
Layer 1
10
150.256000
20
553.711000
11
150.380000
21
553.541000
0
LINE
8
Layer 1
10
150.380000
20
553.541000
11
150.423000
21
553.336000
0
LINE
8
Layer 1
10
150.423000
20
553.336000
11
150.380000
21
553.130000
0
LINE
8
Layer 1
10
150.380000
20
553.130000
11
150.256000
21
552.960000
0
LINE
8
Layer 1
10
150.256000
20
552.960000
11
150.074000
21
552.855000
0
LINE
8
Layer 1
10
150.074000
20
552.855000
11
149.865000
21
552.833000
0
LINE
8
Layer 1
10
149.865000
20
552.833000
11
149.665000
21
552.898000
0
LINE
8
Layer 1
10
10.430400
20
550.711000
11
10.274200
21
550.851000
0
LINE
8
Layer 1
10
10.274200
20
550.851000
11
10.188700
21
551.044000
0
LINE
8
Layer 1
10
10.188700
20
551.044000
11
10.188700
21
551.254000
0
LINE
8
Layer 1
10
10.188700
20
551.254000
11
10.274200
21
551.446000
0
LINE
8
Layer 1
10
10.274200
20
551.446000
11
10.430400
21
551.586000
0
LINE
8
Layer 1
10
10.430400
20
551.586000
11
10.630200
21
551.651000
0
LINE
8
Layer 1
10
10.630200
20
551.651000
11
10.839300
21
551.629000
0
LINE
8
Layer 1
10
10.839300
20
551.629000
11
11.021300
21
551.524000
0
LINE
8
Layer 1
10
11.021300
20
551.524000
11
11.144800
21
551.354000
0
LINE
8
Layer 1
10
11.144800
20
551.354000
11
11.188500
21
551.149000
0
LINE
8
Layer 1
10
11.188500
20
551.149000
11
11.144800
21
550.943000
0
LINE
8
Layer 1
10
11.144800
20
550.943000
11
11.021300
21
550.773000
0
LINE
8
Layer 1
10
11.021300
20
550.773000
11
10.839300
21
550.668000
0
LINE
8
Layer 1
10
10.839300
20
550.668000
11
10.630200
21
550.646000
0
LINE
8
Layer 1
10
10.630200
20
550.646000
11
10.430400
21
550.711000
0
LINE
8
Layer 1
10
150.653000
20
550.711000
11
150.497000
21
550.851000
0
LINE
8
Layer 1
10
150.497000
20
550.851000
11
150.411000
21
551.044000
0
LINE
8
Layer 1
10
150.411000
20
551.044000
11
150.411000
21
551.254000
0
LINE
8
Layer 1
10
150.411000
20
551.254000
11
150.497000
21
551.446000
0
LINE
8
Layer 1
10
150.497000
20
551.446000
11
150.653000
21
551.586000
0
LINE
8
Layer 1
10
150.653000
20
551.586000
11
150.853000
21
551.651000
0
LINE
8
Layer 1
10
150.853000
20
551.651000
11
151.062000
21
551.629000
0
LINE
8
Layer 1
10
151.062000
20
551.629000
11
151.244000
21
551.524000
0
LINE
8
Layer 1
10
151.244000
20
551.524000
11
151.367000
21
551.354000
0
LINE
8
Layer 1
10
151.367000
20
551.354000
11
151.411000
21
551.149000
0
LINE
8
Layer 1
10
151.411000
20
551.149000
11
151.367000
21
550.943000
0
LINE
8
Layer 1
10
151.367000
20
550.943000
11
151.244000
21
550.773000
0
LINE
8
Layer 1
10
151.244000
20
550.773000
11
151.062000
21
550.668000
0
LINE
8
Layer 1
10
151.062000
20
550.668000
11
150.853000
21
550.646000
0
LINE
8
Layer 1
10
150.853000
20
550.646000
11
150.653000
21
550.711000
0
LINE
8
Layer 1
10
9.511980
20
548.494000
11
9.355790
21
548.634000
0
LINE
8
Layer 1
10
9.355790
20
548.634000
11
9.270290
21
548.826000
0
LINE
8
Layer 1
10
9.270290
20
548.826000
11
9.270290
21
549.036000
0
LINE
8
Layer 1
10
9.270290
20
549.036000
11
9.355790
21
549.228000
0
LINE
8
Layer 1
10
9.355790
20
549.228000
11
9.511980
21
549.369000
0
LINE
8
Layer 1
10
9.511980
20
549.369000
11
9.711820
21
549.434000
0
LINE
8
Layer 1
10
9.711820
20
549.434000
11
9.920880
21
549.412000
0
LINE
8
Layer 1
10
9.920880
20
549.412000
11
10.102900
21
549.307000
0
LINE
8
Layer 1
10
10.102900
20
549.307000
11
10.226400
21
549.137000
0
LINE
8
Layer 1
10
10.226400
20
549.137000
11
10.270100
21
548.931000
0
LINE
8
Layer 1
10
10.270100
20
548.931000
11
10.226400
21
548.726000
0
LINE
8
Layer 1
10
10.226400
20
548.726000
11
10.102900
21
548.556000
0
LINE
8
Layer 1
10
10.102900
20
548.556000
11
9.920880
21
548.451000
0
LINE
8
Layer 1
10
9.920880
20
548.451000
11
9.711820
21
548.429000
0
LINE
8
Layer 1
10
9.711820
20
548.429000
11
9.511980
21
548.494000
0
LINE
8
Layer 1
10
151.571000
20
548.494000
11
151.415000
21
548.634000
0
LINE
8
Layer 1
10
151.415000
20
548.634000
11
151.330000
21
548.826000
0
LINE
8
Layer 1
10
151.330000
20
548.826000
11
151.330000
21
549.036000
0
LINE
8
Layer 1
10
151.330000
20
549.036000
11
151.415000
21
549.228000
0
LINE
8
Layer 1
10
151.415000
20
549.228000
11
151.571000
21
549.369000
0
LINE
8
Layer 1
10
151.571000
20
549.369000
11
151.771000
21
549.434000
0
LINE
8
Layer 1
10
151.771000
20
549.434000
11
151.980000
21
549.412000
0
LINE
8
Layer 1
10
151.980000
20
549.412000
11
152.162000
21
549.307000
0
LINE
8
Layer 1
10
152.162000
20
549.307000
11
152.286000
21
549.137000
0
LINE
8
Layer 1
10
152.286000
20
549.137000
11
152.329000
21
548.931000
0
LINE
8
Layer 1
10
152.329000
20
548.931000
11
152.286000
21
548.726000
0
LINE
8
Layer 1
10
152.286000
20
548.726000
11
152.162000
21
548.556000
0
LINE
8
Layer 1
10
152.162000
20
548.556000
11
151.980000
21
548.451000
0
LINE
8
Layer 1
10
151.980000
20
548.451000
11
151.771000
21
548.429000
0
LINE
8
Layer 1
10
151.771000
20
548.429000
11
151.571000
21
548.494000
0
LINE
8
Layer 1
10
8.663670
20
546.249000
11
8.507480
21
546.389000
0
LINE
8
Layer 1
10
8.507480
20
546.389000
11
8.422000
21
546.581000
0
LINE
8
Layer 1
10
8.422000
20
546.581000
11
8.422000
21
546.791000
0
LINE
8
Layer 1
10
8.422000
20
546.791000
11
8.507480
21
546.983000
0
LINE
8
Layer 1
10
8.507480
20
546.983000
11
8.663670
21
547.124000
0
LINE
8
Layer 1
10
8.663670
20
547.124000
11
8.863530
21
547.189000
0
LINE
8
Layer 1
10
8.863530
20
547.189000
11
9.072570
21
547.167000
0
LINE
8
Layer 1
10
9.072570
20
547.167000
11
9.254590
21
547.062000
0
LINE
8
Layer 1
10
9.254590
20
547.062000
11
9.378100
21
546.892000
0
LINE
8
Layer 1
10
9.378100
20
546.892000
11
9.421810
21
546.686000
0
LINE
8
Layer 1
10
9.421810
20
546.686000
11
9.378100
21
546.481000
0
LINE
8
Layer 1
10
9.378100
20
546.481000
11
9.254590
21
546.311000
0
LINE
8
Layer 1
10
9.254590
20
546.311000
11
9.072570
21
546.206000
0
LINE
8
Layer 1
10
9.072570
20
546.206000
11
8.863530
21
546.184000
0
LINE
8
Layer 1
10
8.863530
20
546.184000
11
8.663670
21
546.249000
0
LINE
8
Layer 1
10
152.420000
20
546.249000
11
152.263000
21
546.389000
0
LINE
8
Layer 1
10
152.263000
20
546.389000
11
152.178000
21
546.581000
0
LINE
8
Layer 1
10
152.178000
20
546.581000
11
152.178000
21
546.791000
0
LINE
8
Layer 1
10
152.178000
20
546.791000
11
152.263000
21
546.983000
0
LINE
8
Layer 1
10
152.263000
20
546.983000
11
152.420000
21
547.124000
0
LINE
8
Layer 1
10
152.420000
20
547.124000
11
152.620000
21
547.189000
0
LINE
8
Layer 1
10
152.620000
20
547.189000
11
152.829000
21
547.167000
0
LINE
8
Layer 1
10
152.829000
20
547.167000
11
153.011000
21
547.062000
0
LINE
8
Layer 1
10
153.011000
20
547.062000
11
153.134000
21
546.892000
0
LINE
8
Layer 1
10
153.134000
20
546.892000
11
153.178000
21
546.686000
0
LINE
8
Layer 1
10
153.178000
20
546.686000
11
153.134000
21
546.481000
0
LINE
8
Layer 1
10
153.134000
20
546.481000
11
153.011000
21
546.311000
0
LINE
8
Layer 1
10
153.011000
20
546.311000
11
152.829000
21
546.206000
0
LINE
8
Layer 1
10
152.829000
20
546.206000
11
152.620000
21
546.184000
0
LINE
8
Layer 1
10
152.620000
20
546.184000
11
152.420000
21
546.249000
0
LINE
8
Layer 1
10
7.886310
20
543.978000
11
7.730120
21
544.119000
0
LINE
8
Layer 1
10
7.730120
20
544.119000
11
7.644620
21
544.311000
0
LINE
8
Layer 1
10
7.644620
20
544.311000
11
7.644620
21
544.521000
0
LINE
8
Layer 1
10
7.644620
20
544.521000
11
7.730120
21
544.713000
0
LINE
8
Layer 1
10
7.730120
20
544.713000
11
7.886310
21
544.854000
0
LINE
8
Layer 1
10
7.886310
20
544.854000
11
8.086150
21
544.919000
0
LINE
8
Layer 1
10
8.086150
20
544.919000
11
8.295200
21
544.897000
0
LINE
8
Layer 1
10
8.295200
20
544.897000
11
8.477230
21
544.791000
0
LINE
8
Layer 1
10
8.477230
20
544.791000
11
8.600750
21
544.621000
0
LINE
8
Layer 1
10
8.600750
20
544.621000
11
8.644440
21
544.416000
0
LINE
8
Layer 1
10
8.644440
20
544.416000
11
8.600750
21
544.210000
0
LINE
8
Layer 1
10
8.600750
20
544.210000
11
8.477230
21
544.040000
0
LINE
8
Layer 1
10
8.477230
20
544.040000
11
8.295200
21
543.935000
0
LINE
8
Layer 1
10
8.295200
20
543.935000
11
8.086150
21
543.913000
0
LINE
8
Layer 1
10
8.086150
20
543.913000
11
7.886310
21
543.978000
0
LINE
8
Layer 1
10
153.197000
20
543.978000
11
153.041000
21
544.119000
0
LINE
8
Layer 1
10
153.041000
20
544.119000
11
152.955000
21
544.311000
0
LINE
8
Layer 1
10
152.955000
20
544.311000
11
152.955000
21
544.521000
0
LINE
8
Layer 1
10
152.955000
20
544.521000
11
153.041000
21
544.713000
0
LINE
8
Layer 1
10
153.041000
20
544.713000
11
153.197000
21
544.854000
0
LINE
8
Layer 1
10
153.197000
20
544.854000
11
153.397000
21
544.919000
0
LINE
8
Layer 1
10
153.397000
20
544.919000
11
153.606000
21
544.897000
0
LINE
8
Layer 1
10
153.606000
20
544.897000
11
153.788000
21
544.791000
0
LINE
8
Layer 1
10
153.788000
20
544.791000
11
153.911000
21
544.621000
0
LINE
8
Layer 1
10
153.911000
20
544.621000
11
153.955000
21
544.416000
0
LINE
8
Layer 1
10
153.955000
20
544.416000
11
153.911000
21
544.210000
0
LINE
8
Layer 1
10
153.911000
20
544.210000
11
153.788000
21
544.040000
0
LINE
8
Layer 1
10
153.788000
20
544.040000
11
153.606000
21
543.935000
0
LINE
8
Layer 1
10
153.606000
20
543.935000
11
153.397000
21
543.913000
0
LINE
8
Layer 1
10
153.397000
20
543.913000
11
153.197000
21
543.978000
0
LINE
8
Layer 1
10
7.180630
20
541.684000
11
7.024440
21
541.825000
0
LINE
8
Layer 1
10
7.024440
20
541.825000
11
6.938950
21
542.017000
0
LINE
8
Layer 1
10
6.938950
20
542.017000
11
6.938950
21
542.227000
0
LINE
8
Layer 1
10
6.938950
20
542.227000
11
7.024440
21
542.419000
0
LINE
8
Layer 1
10
7.024440
20
542.419000
11
7.180630
21
542.560000
0
LINE
8
Layer 1
10
7.180630
20
542.560000
11
7.380490
21
542.625000
0
LINE
8
Layer 1
10
7.380490
20
542.625000
11
7.589540
21
542.603000
0
LINE
8
Layer 1
10
7.589540
20
542.603000
11
7.771560
21
542.498000
0
LINE
8
Layer 1
10
7.771560
20
542.498000
11
7.895080
21
542.328000
0
LINE
8
Layer 1
10
7.895080
20
542.328000
11
7.938770
21
542.122000
0
LINE
8
Layer 1
10
7.938770
20
542.122000
11
7.895080
21
541.916000
0
LINE
8
Layer 1
10
7.895080
20
541.916000
11
7.771560
21
541.746000
0
LINE
8
Layer 1
10
7.771560
20
541.746000
11
7.589540
21
541.641000
0
LINE
8
Layer 1
10
7.589540
20
541.641000
11
7.380490
21
541.619000
0
LINE
8
Layer 1
10
7.380490
20
541.619000
11
7.180630
21
541.684000
0
LINE
8
Layer 1
10
153.903000
20
541.684000
11
153.746000
21
541.825000
0
LINE
8
Layer 1
10
153.746000
20
541.825000
11
153.661000
21
542.017000
0
LINE
8
Layer 1
10
153.661000
20
542.017000
11
153.661000
21
542.227000
0
LINE
8
Layer 1
10
153.661000
20
542.227000
11
153.746000
21
542.419000
0
LINE
8
Layer 1
10
153.746000
20
542.419000
11
153.903000
21
542.560000
0
LINE
8
Layer 1
10
153.903000
20
542.560000
11
154.103000
21
542.625000
0
LINE
8
Layer 1
10
154.103000
20
542.625000
11
154.312000
21
542.603000
0
LINE
8
Layer 1
10
154.312000
20
542.603000
11
154.494000
21
542.498000
0
LINE
8
Layer 1
10
154.494000
20
542.498000
11
154.617000
21
542.328000
0
LINE
8
Layer 1
10
154.617000
20
542.328000
11
154.661000
21
542.122000
0
LINE
8
Layer 1
10
154.661000
20
542.122000
11
154.617000
21
541.916000
0
LINE
8
Layer 1
10
154.617000
20
541.916000
11
154.494000
21
541.746000
0
LINE
8
Layer 1
10
154.494000
20
541.746000
11
154.312000
21
541.641000
0
LINE
8
Layer 1
10
154.312000
20
541.641000
11
154.103000
21
541.619000
0
LINE
8
Layer 1
10
154.103000
20
541.619000
11
153.903000
21
541.684000
0
LINE
8
Layer 1
10
6.547360
20
539.370000
11
6.391170
21
539.510000
0
LINE
8
Layer 1
10
6.391170
20
539.510000
11
6.305690
21
539.702000
0
LINE
8
Layer 1
10
6.305690
20
539.702000
11
6.305690
21
539.912000
0
LINE
8
Layer 1
10
6.305690
20
539.912000
11
6.391170
21
540.104000
0
LINE
8
Layer 1
10
6.391170
20
540.104000
11
6.547360
21
540.245000
0
LINE
8
Layer 1
10
6.547360
20
540.245000
11
6.747220
21
540.310000
0
LINE
8
Layer 1
10
6.747220
20
540.310000
11
6.956270
21
540.288000
0
LINE
8
Layer 1
10
6.956270
20
540.288000
11
7.138290
21
540.183000
0
LINE
8
Layer 1
10
7.138290
20
540.183000
11
7.261810
21
540.013000
0
LINE
8
Layer 1
10
7.261810
20
540.013000
11
7.305500
21
539.807000
0
LINE
8
Layer 1
10
7.305500
20
539.807000
11
7.261810
21
539.602000
0
LINE
8
Layer 1
10
7.261810
20
539.602000
11
7.138290
21
539.432000
0
LINE
8
Layer 1
10
7.138290
20
539.432000
11
6.956270
21
539.327000
0
LINE
8
Layer 1
10
6.956270
20
539.327000
11
6.747220
21
539.305000
0
LINE
8
Layer 1
10
6.747220
20
539.305000
11
6.547360
21
539.370000
0
LINE
8
Layer 1
10
154.536000
20
539.370000
11
154.380000
21
539.510000
0
LINE
8
Layer 1
10
154.380000
20
539.510000
11
154.294000
21
539.702000
0
LINE
8
Layer 1
10
154.294000
20
539.702000
11
154.294000
21
539.912000
0
LINE
8
Layer 1
10
154.294000
20
539.912000
11
154.380000
21
540.104000
0
LINE
8
Layer 1
10
154.380000
20
540.104000
11
154.536000
21
540.245000
0
LINE
8
Layer 1
10
154.536000
20
540.245000
11
154.736000
21
540.310000
0
LINE
8
Layer 1
10
154.736000
20
540.310000
11
154.945000
21
540.288000
0
LINE
8
Layer 1
10
154.945000
20
540.288000
11
155.127000
21
540.183000
0
LINE
8
Layer 1
10
155.127000
20
540.183000
11
155.250000
21
540.013000
0
LINE
8
Layer 1
10
155.250000
20
540.013000
11
155.294000
21
539.807000
0
LINE
8
Layer 1
10
155.294000
20
539.807000
11
155.250000
21
539.602000
0
LINE
8
Layer 1
10
155.250000
20
539.602000
11
155.127000
21
539.432000
0
LINE
8
Layer 1
10
155.127000
20
539.432000
11
154.945000
21
539.327000
0
LINE
8
Layer 1
10
154.945000
20
539.327000
11
154.736000
21
539.305000
0
LINE
8
Layer 1
10
154.736000
20
539.305000
11
154.536000
21
539.370000
0
LINE
8
Layer 1
10
79.854200
20
536.680000
11
79.273100
21
537.203000
0
LINE
8
Layer 1
10
79.273100
20
537.203000
11
78.955000
21
537.918000
0
LINE
8
Layer 1
10
78.955000
20
537.918000
11
78.955000
21
538.700000
0
LINE
8
Layer 1
10
78.955000
20
538.700000
11
79.273100
21
539.414000
0
LINE
8
Layer 1
10
79.273100
20
539.414000
11
79.854200
21
539.937000
0
LINE
8
Layer 1
10
79.854200
20
539.937000
11
80.597800
21
540.179000
0
LINE
8
Layer 1
10
80.597800
20
540.179000
11
81.375500
21
540.097000
0
LINE
8
Layer 1
10
81.375500
20
540.097000
11
82.052600
21
539.706000
0
LINE
8
Layer 1
10
82.052600
20
539.706000
11
82.512200
21
539.074000
0
LINE
8
Layer 1
10
82.512200
20
539.074000
11
82.674800
21
538.309000
0
LINE
8
Layer 1
10
82.674800
20
538.309000
11
82.512200
21
537.544000
0
LINE
8
Layer 1
10
82.512200
20
537.544000
11
82.052600
21
536.911000
0
LINE
8
Layer 1
10
82.052600
20
536.911000
11
81.375500
21
536.520000
0
LINE
8
Layer 1
10
81.375500
20
536.520000
11
80.597800
21
536.439000
0
LINE
8
Layer 1
10
80.597800
20
536.439000
11
79.854200
21
536.680000
0
LINE
8
Layer 1
10
5.987120
20
537.036000
11
5.830930
21
537.177000
0
LINE
8
Layer 1
10
5.830930
20
537.177000
11
5.745440
21
537.369000
0
LINE
8
Layer 1
10
5.745440
20
537.369000
11
5.745440
21
537.579000
0
LINE
8
Layer 1
10
5.745440
20
537.579000
11
5.830930
21
537.771000
0
LINE
8
Layer 1
10
5.830930
20
537.771000
11
5.987120
21
537.911000
0
LINE
8
Layer 1
10
5.987120
20
537.911000
11
6.186970
21
537.976000
0
LINE
8
Layer 1
10
6.186970
20
537.976000
11
6.396030
21
537.954000
0
LINE
8
Layer 1
10
6.396030
20
537.954000
11
6.578050
21
537.849000
0
LINE
8
Layer 1
10
6.578050
20
537.849000
11
6.701570
21
537.679000
0
LINE
8
Layer 1
10
6.701570
20
537.679000
11
6.745250
21
537.474000
0
LINE
8
Layer 1
10
6.745250
20
537.474000
11
6.701570
21
537.268000
0
LINE
8
Layer 1
10
6.701570
20
537.268000
11
6.578050
21
537.098000
0
LINE
8
Layer 1
10
6.578050
20
537.098000
11
6.396030
21
536.993000
0
LINE
8
Layer 1
10
6.396030
20
536.993000
11
6.186970
21
536.971000
0
LINE
8
Layer 1
10
6.186970
20
536.971000
11
5.987120
21
537.036000
0
LINE
8
Layer 1
10
155.096000
20
537.036000
11
154.940000
21
537.177000
0
LINE
8
Layer 1
10
154.940000
20
537.177000
11
154.855000
21
537.369000
0
LINE
8
Layer 1
10
154.855000
20
537.369000
11
154.855000
21
537.579000
0
LINE
8
Layer 1
10
154.855000
20
537.579000
11
154.940000
21
537.771000
0
LINE
8
Layer 1
10
154.940000
20
537.771000
11
155.096000
21
537.911000
0
LINE
8
Layer 1
10
155.096000
20
537.911000
11
155.296000
21
537.976000
0
LINE
8
Layer 1
10
155.296000
20
537.976000
11
155.505000
21
537.954000
0
LINE
8
Layer 1
10
155.505000
20
537.954000
11
155.687000
21
537.849000
0
LINE
8
Layer 1
10
155.687000
20
537.849000
11
155.811000
21
537.679000
0
LINE
8
Layer 1
10
155.811000
20
537.679000
11
155.854000
21
537.474000
0
LINE
8
Layer 1
10
155.854000
20
537.474000
11
155.811000
21
537.268000
0
LINE
8
Layer 1
10
155.811000
20
537.268000
11
155.687000
21
537.098000
0
LINE
8
Layer 1
10
155.687000
20
537.098000
11
155.505000
21
536.993000
0
LINE
8
Layer 1
10
155.505000
20
536.993000
11
155.296000
21
536.971000
0
LINE
8
Layer 1
10
155.296000
20
536.971000
11
155.096000
21
537.036000
0
LINE
8
Layer 1
10
5.500440
20
534.686000
11
5.344250
21
534.827000
0
LINE
8
Layer 1
10
5.344250
20
534.827000
11
5.258770
21
535.019000
0
LINE
8
Layer 1
10
5.258770
20
535.019000
11
5.258770
21
535.229000
0
LINE
8
Layer 1
10
5.258770
20
535.229000
11
5.344250
21
535.421000
0
LINE
8
Layer 1
10
5.344250
20
535.421000
11
5.500440
21
535.561000
0
LINE
8
Layer 1
10
5.500440
20
535.561000
11
5.700300
21
535.626000
0
LINE
8
Layer 1
10
5.700300
20
535.626000
11
5.909350
21
535.604000
0
LINE
8
Layer 1
10
5.909350
20
535.604000
11
6.091380
21
535.499000
0
LINE
8
Layer 1
10
6.091380
20
535.499000
11
6.214870
21
535.329000
0
LINE
8
Layer 1
10
6.214870
20
535.329000
11
6.258590
21
535.124000
0
LINE
8
Layer 1
10
6.258590
20
535.124000
11
6.214870
21
534.918000
0
LINE
8
Layer 1
10
6.214870
20
534.918000
11
6.091380
21
534.748000
0
LINE
8
Layer 1
10
6.091380
20
534.748000
11
5.909350
21
534.643000
0
LINE
8
Layer 1
10
5.909350
20
534.643000
11
5.700300
21
534.621000
0
LINE
8
Layer 1
10
5.700300
20
534.621000
11
5.500440
21
534.686000
0
LINE
8
Layer 1
10
155.583000
20
534.686000
11
155.427000
21
534.827000
0
LINE
8
Layer 1
10
155.427000
20
534.827000
11
155.341000
21
535.019000
0
LINE
8
Layer 1
10
155.341000
20
535.019000
11
155.341000
21
535.229000
0
LINE
8
Layer 1
10
155.341000
20
535.229000
11
155.427000
21
535.421000
0
LINE
8
Layer 1
10
155.427000
20
535.421000
11
155.583000
21
535.561000
0
LINE
8
Layer 1
10
155.583000
20
535.561000
11
155.783000
21
535.626000
0
LINE
8
Layer 1
10
155.783000
20
535.626000
11
155.992000
21
535.604000
0
LINE
8
Layer 1
10
155.992000
20
535.604000
11
156.174000
21
535.499000
0
LINE
8
Layer 1
10
156.174000
20
535.499000
11
156.297000
21
535.329000
0
LINE
8
Layer 1
10
156.297000
20
535.329000
11
156.341000
21
535.124000
0
LINE
8
Layer 1
10
156.341000
20
535.124000
11
156.297000
21
534.918000
0
LINE
8
Layer 1
10
156.297000
20
534.918000
11
156.174000
21
534.748000
0
LINE
8
Layer 1
10
156.174000
20
534.748000
11
155.992000
21
534.643000
0
LINE
8
Layer 1
10
155.992000
20
534.643000
11
155.783000
21
534.621000
0
LINE
8
Layer 1
10
155.783000
20
534.621000
11
155.583000
21
534.686000
0
LINE
8
Layer 1
10
5.087830
20
532.322000
11
4.931640
21
532.462000
0
LINE
8
Layer 1
10
4.931640
20
532.462000
11
4.846160
21
532.654000
0
LINE
8
Layer 1
10
4.846160
20
532.654000
11
4.846160
21
532.865000
0
LINE
8
Layer 1
10
4.846160
20
532.865000
11
4.931640
21
533.057000
0
LINE
8
Layer 1
10
4.931640
20
533.057000
11
5.087830
21
533.197000
0
LINE
8
Layer 1
10
5.087830
20
533.197000
11
5.287690
21
533.262000
0
LINE
8
Layer 1
10
5.287690
20
533.262000
11
5.496730
21
533.240000
0
LINE
8
Layer 1
10
5.496730
20
533.240000
11
5.678770
21
533.135000
0
LINE
8
Layer 1
10
5.678770
20
533.135000
11
5.802260
21
532.965000
0
LINE
8
Layer 1
10
5.802260
20
532.965000
11
5.845980
21
532.759000
0
LINE
8
Layer 1
10
5.845980
20
532.759000
11
5.802260
21
532.554000
0
LINE
8
Layer 1
10
5.802260
20
532.554000
11
5.678770
21
532.384000
0
LINE
8
Layer 1
10
5.678770
20
532.384000
11
5.496730
21
532.279000
0
LINE
8
Layer 1
10
5.496730
20
532.279000
11
5.287690
21
532.257000
0
LINE
8
Layer 1
10
5.287690
20
532.257000
11
5.087830
21
532.322000
0
LINE
8
Layer 1
10
155.995000
20
532.322000
11
155.839000
21
532.462000
0
LINE
8
Layer 1
10
155.839000
20
532.462000
11
155.754000
21
532.654000
0
LINE
8
Layer 1
10
155.754000
20
532.654000
11
155.754000
21
532.865000
0
LINE
8
Layer 1
10
155.754000
20
532.865000
11
155.839000
21
533.057000
0
LINE
8
Layer 1
10
155.839000
20
533.057000
11
155.995000
21
533.197000
0
LINE
8
Layer 1
10
155.995000
20
533.197000
11
156.195000
21
533.262000
0
LINE
8
Layer 1
10
156.195000
20
533.262000
11
156.404000
21
533.240000
0
LINE
8
Layer 1
10
156.404000
20
533.240000
11
156.586000
21
533.135000
0
LINE
8
Layer 1
10
156.586000
20
533.135000
11
156.710000
21
532.965000
0
LINE
8
Layer 1
10
156.710000
20
532.965000
11
156.754000
21
532.759000
0
LINE
8
Layer 1
10
156.754000
20
532.759000
11
156.710000
21
532.554000
0
LINE
8
Layer 1
10
156.710000
20
532.554000
11
156.586000
21
532.384000
0
LINE
8
Layer 1
10
156.586000
20
532.384000
11
156.404000
21
532.279000
0
LINE
8
Layer 1
10
156.404000
20
532.279000
11
156.195000
21
532.257000
0
LINE
8
Layer 1
10
156.195000
20
532.257000
11
155.995000
21
532.322000
0
LINE
8
Layer 1
10
4.749680
20
529.946000
11
4.593490
21
530.086000
0
LINE
8
Layer 1
10
4.593490
20
530.086000
11
4.508010
21
530.278000
0
LINE
8
Layer 1
10
4.508010
20
530.278000
11
4.508010
21
530.489000
0
LINE
8
Layer 1
10
4.508010
20
530.489000
11
4.593490
21
530.681000
0
LINE
8
Layer 1
10
4.593490
20
530.681000
11
4.749680
21
530.821000
0
LINE
8
Layer 1
10
4.749680
20
530.821000
11
4.949540
21
530.886000
0
LINE
8
Layer 1
10
4.949540
20
530.886000
11
5.158580
21
530.864000
0
LINE
8
Layer 1
10
5.158580
20
530.864000
11
5.340620
21
530.759000
0
LINE
8
Layer 1
10
5.340620
20
530.759000
11
5.464110
21
530.589000
0
LINE
8
Layer 1
10
5.464110
20
530.589000
11
5.507830
21
530.383000
0
LINE
8
Layer 1
10
5.507830
20
530.383000
11
5.464110
21
530.178000
0
LINE
8
Layer 1
10
5.464110
20
530.178000
11
5.340620
21
530.008000
0
LINE
8
Layer 1
10
5.340620
20
530.008000
11
5.158580
21
529.903000
0
LINE
8
Layer 1
10
5.158580
20
529.903000
11
4.949540
21
529.881000
0
LINE
8
Layer 1
10
4.949540
20
529.881000
11
4.749680
21
529.946000
0
LINE
8
Layer 1
10
156.334000
20
529.946000
11
156.177000
21
530.086000
0
LINE
8
Layer 1
10
156.177000
20
530.086000
11
156.092000
21
530.278000
0
LINE
8
Layer 1
10
156.092000
20
530.278000
11
156.092000
21
530.489000
0
LINE
8
Layer 1
10
156.092000
20
530.489000
11
156.177000
21
530.681000
0
LINE
8
Layer 1
10
156.177000
20
530.681000
11
156.334000
21
530.821000
0
LINE
8
Layer 1
10
156.334000
20
530.821000
11
156.533000
21
530.886000
0
LINE
8
Layer 1
10
156.533000
20
530.886000
11
156.743000
21
530.864000
0
LINE
8
Layer 1
10
156.743000
20
530.864000
11
156.925000
21
530.759000
0
LINE
8
Layer 1
10
156.925000
20
530.759000
11
157.048000
21
530.589000
0
LINE
8
Layer 1
10
157.048000
20
530.589000
11
157.092000
21
530.383000
0
LINE
8
Layer 1
10
157.092000
20
530.383000
11
157.048000
21
530.178000
0
LINE
8
Layer 1
10
157.048000
20
530.178000
11
156.925000
21
530.008000
0
LINE
8
Layer 1
10
156.925000
20
530.008000
11
156.743000
21
529.903000
0
LINE
8
Layer 1
10
156.743000
20
529.903000
11
156.533000
21
529.881000
0
LINE
8
Layer 1
10
156.533000
20
529.881000
11
156.334000
21
529.946000
0
LINE
8
Layer 1
10
76.886900
20
527.401000
11
76.886900
21
530.216000
0
LINE
8
Layer 1
10
76.886900
20
530.216000
11
84.701900
21
530.216000
0
LINE
8
Layer 1
10
84.701900
20
530.216000
11
84.701900
21
527.401000
0
LINE
8
Layer 1
10
84.701900
20
527.401000
11
76.886900
21
527.401000
0
LINE
8
Layer 1
10
4.486330
20
527.560000
11
4.330140
21
527.701000
0
LINE
8
Layer 1
10
4.330140
20
527.701000
11
4.244660
21
527.893000
0
LINE
8
Layer 1
10
4.244660
20
527.893000
11
4.244660
21
528.103000
0
LINE
8
Layer 1
10
4.244660
20
528.103000
11
4.330140
21
528.295000
0
LINE
8
Layer 1
10
4.330140
20
528.295000
11
4.486330
21
528.436000
0
LINE
8
Layer 1
10
4.486330
20
528.436000
11
4.686190
21
528.501000
0
LINE
8
Layer 1
10
4.686190
20
528.501000
11
4.895230
21
528.479000
0
LINE
8
Layer 1
10
4.895230
20
528.479000
11
5.077270
21
528.374000
0
LINE
8
Layer 1
10
5.077270
20
528.374000
11
5.200760
21
528.204000
0
LINE
8
Layer 1
10
5.200760
20
528.204000
11
5.244480
21
527.998000
0
LINE
8
Layer 1
10
5.244480
20
527.998000
11
5.200760
21
527.792000
0
LINE
8
Layer 1
10
5.200760
20
527.792000
11
5.077270
21
527.622000
0
LINE
8
Layer 1
10
5.077270
20
527.622000
11
4.895230
21
527.517000
0
LINE
8
Layer 1
10
4.895230
20
527.517000
11
4.686190
21
527.495000
0
LINE
8
Layer 1
10
4.686190
20
527.495000
11
4.486330
21
527.560000
0
LINE
8
Layer 1
10
156.597000
20
527.560000
11
156.441000
21
527.701000
0
LINE
8
Layer 1
10
156.441000
20
527.701000
11
156.355000
21
527.893000
0
LINE
8
Layer 1
10
156.355000
20
527.893000
11
156.355000
21
528.103000
0
LINE
8
Layer 1
10
156.355000
20
528.103000
11
156.441000
21
528.295000
0
LINE
8
Layer 1
10
156.441000
20
528.295000
11
156.597000
21
528.436000
0
LINE
8
Layer 1
10
156.597000
20
528.436000
11
156.797000
21
528.501000
0
LINE
8
Layer 1
10
156.797000
20
528.501000
11
157.006000
21
528.479000
0
LINE
8
Layer 1
10
157.006000
20
528.479000
11
157.188000
21
528.374000
0
LINE
8
Layer 1
10
157.188000
20
528.374000
11
157.311000
21
528.204000
0
LINE
8
Layer 1
10
157.311000
20
528.204000
11
157.355000
21
527.998000
0
LINE
8
Layer 1
10
157.355000
20
527.998000
11
157.311000
21
527.792000
0
LINE
8
Layer 1
10
157.311000
20
527.792000
11
157.188000
21
527.622000
0
LINE
8
Layer 1
10
157.188000
20
527.622000
11
157.006000
21
527.517000
0
LINE
8
Layer 1
10
157.006000
20
527.517000
11
156.797000
21
527.495000
0
LINE
8
Layer 1
10
156.797000
20
527.495000
11
156.597000
21
527.560000
0
LINE
8
Layer 1
10
4.298030
20
525.168000
11
4.141850
21
525.308000
0
LINE
8
Layer 1
10
4.141850
20
525.308000
11
4.056370
21
525.500000
0
LINE
8
Layer 1
10
4.056370
20
525.500000
11
4.056370
21
525.711000
0
LINE
8
Layer 1
10
4.056370
20
525.711000
11
4.141850
21
525.903000
0
LINE
8
Layer 1
10
4.141850
20
525.903000
11
4.298030
21
526.043000
0
LINE
8
Layer 1
10
4.298030
20
526.043000
11
4.497890
21
526.108000
0
LINE
8
Layer 1
10
4.497890
20
526.108000
11
4.706940
21
526.086000
0
LINE
8
Layer 1
10
4.706940
20
526.086000
11
4.888980
21
525.981000
0
LINE
8
Layer 1
10
4.888980
20
525.981000
11
5.012470
21
525.811000
0
LINE
8
Layer 1
10
5.012470
20
525.811000
11
5.056180
21
525.606000
0
LINE
8
Layer 1
10
5.056180
20
525.606000
11
5.012470
21
525.400000
0
LINE
8
Layer 1
10
5.012470
20
525.400000
11
4.888980
21
525.230000
0
LINE
8
Layer 1
10
4.888980
20
525.230000
11
4.706940
21
525.125000
0
LINE
8
Layer 1
10
4.706940
20
525.125000
11
4.497890
21
525.103000
0
LINE
8
Layer 1
10
4.497890
20
525.103000
11
4.298030
21
525.168000
0
LINE
8
Layer 1
10
156.785000
20
525.168000
11
156.629000
21
525.308000
0
LINE
8
Layer 1
10
156.629000
20
525.308000
11
156.544000
21
525.500000
0
LINE
8
Layer 1
10
156.544000
20
525.500000
11
156.544000
21
525.711000
0
LINE
8
Layer 1
10
156.544000
20
525.711000
11
156.629000
21
525.903000
0
LINE
8
Layer 1
10
156.629000
20
525.903000
11
156.785000
21
526.043000
0
LINE
8
Layer 1
10
156.785000
20
526.043000
11
156.985000
21
526.108000
0
LINE
8
Layer 1
10
156.985000
20
526.108000
11
157.194000
21
526.086000
0
LINE
8
Layer 1
10
157.194000
20
526.086000
11
157.376000
21
525.981000
0
LINE
8
Layer 1
10
157.376000
20
525.981000
11
157.500000
21
525.811000
0
LINE
8
Layer 1
10
157.500000
20
525.811000
11
157.543000
21
525.606000
0
LINE
8
Layer 1
10
157.543000
20
525.606000
11
157.500000
21
525.400000
0
LINE
8
Layer 1
10
157.500000
20
525.400000
11
157.376000
21
525.230000
0
LINE
8
Layer 1
10
157.376000
20
525.230000
11
157.194000
21
525.125000
0
LINE
8
Layer 1
10
157.194000
20
525.125000
11
156.985000
21
525.103000
0
LINE
8
Layer 1
10
156.985000
20
525.103000
11
156.785000
21
525.168000
0
LINE
8
Layer 1
10
87.386900
20
516.901000
11
87.386900
21
524.716000
0
LINE
8
Layer 1
10
87.386900
20
524.716000
11
90.201900
21
524.716000
0
LINE
8
Layer 1
10
90.201900
20
524.716000
11
90.201900
21
516.901000
0
LINE
8
Layer 1
10
90.201900
20
516.901000
11
87.386900
21
516.901000
0
LINE
8
Layer 1
10
71.386900
20
516.901000
11
71.386900
21
524.716000
0
LINE
8
Layer 1
10
71.386900
20
524.716000
11
74.201900
21
524.716000
0
LINE
8
Layer 1
10
74.201900
20
524.716000
11
74.201900
21
516.901000
0
LINE
8
Layer 1
10
74.201900
20
516.901000
11
71.386900
21
516.901000
0
LINE
8
Layer 1
10
4.185000
20
522.771000
11
4.028790
21
522.911000
0
LINE
8
Layer 1
10
4.028790
20
522.911000
11
3.943310
21
523.103000
0
LINE
8
Layer 1
10
3.943310
20
523.103000
11
3.943310
21
523.313000
0
LINE
8
Layer 1
10
3.943310
20
523.313000
11
4.028790
21
523.505000
0
LINE
8
Layer 1
10
4.028790
20
523.505000
11
4.185000
21
523.646000
0
LINE
8
Layer 1
10
4.185000
20
523.646000
11
4.384840
21
523.711000
0
LINE
8
Layer 1
10
4.384840
20
523.711000
11
4.593890
21
523.689000
0
LINE
8
Layer 1
10
4.593890
20
523.689000
11
4.775920
21
523.584000
0
LINE
8
Layer 1
10
4.775920
20
523.584000
11
4.899410
21
523.414000
0
LINE
8
Layer 1
10
4.899410
20
523.414000
11
4.943130
21
523.208000
0
LINE
8
Layer 1
10
4.943130
20
523.208000
11
4.899410
21
523.003000
0
LINE
8
Layer 1
10
4.899410
20
523.003000
11
4.775920
21
522.833000
0
LINE
8
Layer 1
10
4.775920
20
522.833000
11
4.593890
21
522.728000
0
LINE
8
Layer 1
10
4.593890
20
522.728000
11
4.384840
21
522.706000
0
LINE
8
Layer 1
10
4.384840
20
522.706000
11
4.185000
21
522.771000
0
LINE
8
Layer 1
10
156.898000
20
522.771000
11
156.742000
21
522.911000
0
LINE
8
Layer 1
10
156.742000
20
522.911000
11
156.657000
21
523.103000
0
LINE
8
Layer 1
10
156.657000
20
523.103000
11
156.657000
21
523.313000
0
LINE
8
Layer 1
10
156.657000
20
523.313000
11
156.742000
21
523.505000
0
LINE
8
Layer 1
10
156.742000
20
523.505000
11
156.898000
21
523.646000
0
LINE
8
Layer 1
10
156.898000
20
523.646000
11
157.098000
21
523.711000
0
LINE
8
Layer 1
10
157.098000
20
523.711000
11
157.307000
21
523.689000
0
LINE
8
Layer 1
10
157.307000
20
523.689000
11
157.489000
21
523.584000
0
LINE
8
Layer 1
10
157.489000
20
523.584000
11
157.613000
21
523.414000
0
LINE
8
Layer 1
10
157.613000
20
523.414000
11
157.656000
21
523.208000
0
LINE
8
Layer 1
10
157.656000
20
523.208000
11
157.613000
21
523.003000
0
LINE
8
Layer 1
10
157.613000
20
523.003000
11
157.489000
21
522.833000
0
LINE
8
Layer 1
10
157.489000
20
522.833000
11
157.307000
21
522.728000
0
LINE
8
Layer 1
10
157.307000
20
522.728000
11
157.098000
21
522.706000
0
LINE
8
Layer 1
10
157.098000
20
522.706000
11
156.898000
21
522.771000
0
LINE
8
Layer 1
10
80.502700
20
518.500000
11
80.215500
21
518.555000
0
LINE
8
Layer 1
10
80.215500
20
518.555000
11
79.937700
21
518.645000
0
LINE
8
Layer 1
10
79.937700
20
518.645000
11
79.673200
21
518.769000
0
LINE
8
Layer 1
10
79.673200
20
518.769000
11
79.426500
21
518.926000
0
LINE
8
Layer 1
10
79.426500
20
518.926000
11
79.386900
21
518.959000
0
LINE
8
Layer 1
10
79.386900
20
518.959000
11
79.386900
21
520.485000
0
LINE
8
Layer 1
10
79.386900
20
520.485000
11
75.886900
21
520.485000
0
LINE
8
Layer 1
10
75.886900
20
520.485000
11
75.886900
21
521.133000
0
LINE
8
Layer 1
10
75.886900
20
521.133000
11
79.386900
21
521.133000
0
LINE
8
Layer 1
10
79.386900
20
521.133000
11
79.386900
21
522.659000
0
LINE
8
Layer 1
10
79.386900
20
522.659000
11
79.426500
21
522.692000
0
LINE
8
Layer 1
10
79.426500
20
522.692000
11
79.673200
21
522.848000
0
LINE
8
Layer 1
10
79.673200
20
522.848000
11
79.937700
21
522.973000
0
LINE
8
Layer 1
10
79.937700
20
522.973000
11
80.215500
21
523.063000
0
LINE
8
Layer 1
10
80.215500
20
523.063000
11
80.502700
21
523.118000
0
LINE
8
Layer 1
10
80.502700
20
523.118000
11
80.794400
21
523.136000
0
LINE
8
Layer 1
10
80.794400
20
523.136000
11
81.086000
21
523.118000
0
LINE
8
Layer 1
10
81.086000
20
523.118000
11
81.373200
21
523.063000
0
LINE
8
Layer 1
10
81.373200
20
523.063000
11
81.651100
21
522.973000
0
LINE
8
Layer 1
10
81.651100
20
522.973000
11
81.915600
21
522.848000
0
LINE
8
Layer 1
10
81.915600
20
522.848000
11
82.162300
21
522.692000
0
LINE
8
Layer 1
10
82.162300
20
522.692000
11
82.201900
21
522.659000
0
LINE
8
Layer 1
10
82.201900
20
522.659000
11
82.201900
21
521.133000
0
LINE
8
Layer 1
10
82.201900
20
521.133000
11
85.701900
21
521.133000
0
LINE
8
Layer 1
10
85.701900
20
521.133000
11
85.701900
21
520.485000
0
LINE
8
Layer 1
10
85.701900
20
520.485000
11
82.201900
21
520.485000
0
LINE
8
Layer 1
10
82.201900
20
520.485000
11
82.201900
21
518.959000
0
LINE
8
Layer 1
10
82.201900
20
518.959000
11
82.162300
21
518.926000
0
LINE
8
Layer 1
10
82.162300
20
518.926000
11
81.915600
21
518.769000
0
LINE
8
Layer 1
10
81.915600
20
518.769000
11
81.651100
21
518.645000
0
LINE
8
Layer 1
10
81.651100
20
518.645000
11
81.373200
21
518.555000
0
LINE
8
Layer 1
10
81.373200
20
518.555000
11
81.086000
21
518.500000
0
LINE
8
Layer 1
10
81.086000
20
518.500000
11
80.794400
21
518.481000
0
LINE
8
Layer 1
10
80.794400
20
518.481000
11
80.502700
21
518.500000
0
LINE
8
Layer 1
10
4.147290
20
520.371000
11
3.991100
21
520.512000
0
LINE
8
Layer 1
10
3.991100
20
520.512000
11
3.905620
21
520.704000
0
LINE
8
Layer 1
10
3.905620
20
520.704000
11
3.905620
21
520.914000
0
LINE
8
Layer 1
10
3.905620
20
520.914000
11
3.991100
21
521.106000
0
LINE
8
Layer 1
10
3.991100
20
521.106000
11
4.147290
21
521.246000
0
LINE
8
Layer 1
10
4.147290
20
521.246000
11
4.347150
21
521.311000
0
LINE
8
Layer 1
10
4.347150
20
521.311000
11
4.556200
21
521.289000
0
LINE
8
Layer 1
10
4.556200
20
521.289000
11
4.738220
21
521.184000
0
LINE
8
Layer 1
10
4.738220
20
521.184000
11
4.861740
21
521.014000
0
LINE
8
Layer 1
10
4.861740
20
521.014000
11
4.905430
21
520.809000
0
LINE
8
Layer 1
10
4.905430
20
520.809000
11
4.861740
21
520.603000
0
LINE
8
Layer 1
10
4.861740
20
520.603000
11
4.738220
21
520.433000
0
LINE
8
Layer 1
10
4.738220
20
520.433000
11
4.556200
21
520.328000
0
LINE
8
Layer 1
10
4.556200
20
520.328000
11
4.347150
21
520.306000
0
LINE
8
Layer 1
10
4.347150
20
520.306000
11
4.147290
21
520.371000
0
LINE
8
Layer 1
10
156.936000
20
520.371000
11
156.780000
21
520.512000
0
LINE
8
Layer 1
10
156.780000
20
520.512000
11
156.694000
21
520.704000
0
LINE
8
Layer 1
10
156.694000
20
520.704000
11
156.694000
21
520.914000
0
LINE
8
Layer 1
10
156.694000
20
520.914000
11
156.780000
21
521.106000
0
LINE
8
Layer 1
10
156.780000
20
521.106000
11
156.936000
21
521.246000
0
LINE
8
Layer 1
10
156.936000
20
521.246000
11
157.136000
21
521.311000
0
LINE
8
Layer 1
10
157.136000
20
521.311000
11
157.345000
21
521.289000
0
LINE
8
Layer 1
10
157.345000
20
521.289000
11
157.527000
21
521.184000
0
LINE
8
Layer 1
10
157.527000
20
521.184000
11
157.650000
21
521.014000
0
LINE
8
Layer 1
10
157.650000
20
521.014000
11
157.694000
21
520.809000
0
LINE
8
Layer 1
10
157.694000
20
520.809000
11
157.650000
21
520.603000
0
LINE
8
Layer 1
10
157.650000
20
520.603000
11
157.527000
21
520.433000
0
LINE
8
Layer 1
10
157.527000
20
520.433000
11
157.345000
21
520.328000
0
LINE
8
Layer 1
10
157.345000
20
520.328000
11
157.136000
21
520.306000
0
LINE
8
Layer 1
10
157.136000
20
520.306000
11
156.936000
21
520.371000
0
LINE
8
Layer 1
10
4.185000
20
517.971000
11
4.028790
21
518.112000
0
LINE
8
Layer 1
10
4.028790
20
518.112000
11
3.943310
21
518.304000
0
LINE
8
Layer 1
10
3.943310
20
518.304000
11
3.943310
21
518.514000
0
LINE
8
Layer 1
10
3.943310
20
518.514000
11
4.028790
21
518.706000
0
LINE
8
Layer 1
10
4.028790
20
518.706000
11
4.185000
21
518.847000
0
LINE
8
Layer 1
10
4.185000
20
518.847000
11
4.384840
21
518.912000
0
LINE
8
Layer 1
10
4.384840
20
518.912000
11
4.593890
21
518.890000
0
LINE
8
Layer 1
10
4.593890
20
518.890000
11
4.775920
21
518.785000
0
LINE
8
Layer 1
10
4.775920
20
518.785000
11
4.899410
21
518.615000
0
LINE
8
Layer 1
10
4.899410
20
518.615000
11
4.943130
21
518.409000
0
LINE
8
Layer 1
10
4.943130
20
518.409000
11
4.899410
21
518.204000
0
LINE
8
Layer 1
10
4.899410
20
518.204000
11
4.775920
21
518.034000
0
LINE
8
Layer 1
10
4.775920
20
518.034000
11
4.593890
21
517.928000
0
LINE
8
Layer 1
10
4.593890
20
517.928000
11
4.384840
21
517.906000
0
LINE
8
Layer 1
10
4.384840
20
517.906000
11
4.185000
21
517.971000
0
LINE
8
Layer 1
10
156.898000
20
517.971000
11
156.742000
21
518.112000
0
LINE
8
Layer 1
10
156.742000
20
518.112000
11
156.657000
21
518.304000
0
LINE
8
Layer 1
10
156.657000
20
518.304000
11
156.657000
21
518.514000
0
LINE
8
Layer 1
10
156.657000
20
518.514000
11
156.742000
21
518.706000
0
LINE
8
Layer 1
10
156.742000
20
518.706000
11
156.898000
21
518.847000
0
LINE
8
Layer 1
10
156.898000
20
518.847000
11
157.098000
21
518.912000
0
LINE
8
Layer 1
10
157.098000
20
518.912000
11
157.307000
21
518.890000
0
LINE
8
Layer 1
10
157.307000
20
518.890000
11
157.489000
21
518.785000
0
LINE
8
Layer 1
10
157.489000
20
518.785000
11
157.613000
21
518.615000
0
LINE
8
Layer 1
10
157.613000
20
518.615000
11
157.656000
21
518.409000
0
LINE
8
Layer 1
10
157.656000
20
518.409000
11
157.613000
21
518.204000
0
LINE
8
Layer 1
10
157.613000
20
518.204000
11
157.489000
21
518.034000
0
LINE
8
Layer 1
10
157.489000
20
518.034000
11
157.307000
21
517.928000
0
LINE
8
Layer 1
10
157.307000
20
517.928000
11
157.098000
21
517.906000
0
LINE
8
Layer 1
10
157.098000
20
517.906000
11
156.898000
21
517.971000
0
LINE
8
Layer 1
10
4.298030
20
515.574000
11
4.141850
21
515.715000
0
LINE
8
Layer 1
10
4.141850
20
515.715000
11
4.056370
21
515.907000
0
LINE
8
Layer 1
10
4.056370
20
515.907000
11
4.056370
21
516.117000
0
LINE
8
Layer 1
10
4.056370
20
516.117000
11
4.141850
21
516.309000
0
LINE
8
Layer 1
10
4.141850
20
516.309000
11
4.298030
21
516.450000
0
LINE
8
Layer 1
10
4.298030
20
516.450000
11
4.497890
21
516.515000
0
LINE
8
Layer 1
10
4.497890
20
516.515000
11
4.706940
21
516.493000
0
LINE
8
Layer 1
10
4.706940
20
516.493000
11
4.888980
21
516.387000
0
LINE
8
Layer 1
10
4.888980
20
516.387000
11
5.012470
21
516.217000
0
LINE
8
Layer 1
10
5.012470
20
516.217000
11
5.056180
21
516.012000
0
LINE
8
Layer 1
10
5.056180
20
516.012000
11
5.012470
21
515.806000
0
LINE
8
Layer 1
10
5.012470
20
515.806000
11
4.888980
21
515.636000
0
LINE
8
Layer 1
10
4.888980
20
515.636000
11
4.706940
21
515.531000
0
LINE
8
Layer 1
10
4.706940
20
515.531000
11
4.497890
21
515.509000
0
LINE
8
Layer 1
10
4.497890
20
515.509000
11
4.298030
21
515.574000
0
LINE
8
Layer 1
10
156.785000
20
515.574000
11
156.629000
21
515.715000
0
LINE
8
Layer 1
10
156.629000
20
515.715000
11
156.544000
21
515.907000
0
LINE
8
Layer 1
10
156.544000
20
515.907000
11
156.544000
21
516.117000
0
LINE
8
Layer 1
10
156.544000
20
516.117000
11
156.629000
21
516.309000
0
LINE
8
Layer 1
10
156.629000
20
516.309000
11
156.785000
21
516.450000
0
LINE
8
Layer 1
10
156.785000
20
516.450000
11
156.985000
21
516.515000
0
LINE
8
Layer 1
10
156.985000
20
516.515000
11
157.194000
21
516.493000
0
LINE
8
Layer 1
10
157.194000
20
516.493000
11
157.376000
21
516.387000
0
LINE
8
Layer 1
10
157.376000
20
516.387000
11
157.500000
21
516.217000
0
LINE
8
Layer 1
10
157.500000
20
516.217000
11
157.543000
21
516.012000
0
LINE
8
Layer 1
10
157.543000
20
516.012000
11
157.500000
21
515.806000
0
LINE
8
Layer 1
10
157.500000
20
515.806000
11
157.376000
21
515.636000
0
LINE
8
Layer 1
10
157.376000
20
515.636000
11
157.194000
21
515.531000
0
LINE
8
Layer 1
10
157.194000
20
515.531000
11
156.985000
21
515.509000
0
LINE
8
Layer 1
10
156.985000
20
515.509000
11
156.785000
21
515.574000
0
LINE
8
Layer 1
10
76.886900
20
511.401000
11
76.886900
21
514.216000
0
LINE
8
Layer 1
10
76.886900
20
514.216000
11
84.701900
21
514.216000
0
LINE
8
Layer 1
10
84.701900
20
514.216000
11
84.701900
21
511.401000
0
LINE
8
Layer 1
10
84.701900
20
511.401000
11
76.886900
21
511.401000
0
LINE
8
Layer 1
10
4.486330
20
513.182000
11
4.330140
21
513.322000
0
LINE
8
Layer 1
10
4.330140
20
513.322000
11
4.244660
21
513.514000
0
LINE
8
Layer 1
10
4.244660
20
513.514000
11
4.244660
21
513.724000
0
LINE
8
Layer 1
10
4.244660
20
513.724000
11
4.330140
21
513.916000
0
LINE
8
Layer 1
10
4.330140
20
513.916000
11
4.486330
21
514.057000
0
LINE
8
Layer 1
10
4.486330
20
514.057000
11
4.686190
21
514.122000
0
LINE
8
Layer 1
10
4.686190
20
514.122000
11
4.895230
21
514.100000
0
LINE
8
Layer 1
10
4.895230
20
514.100000
11
5.077270
21
513.995000
0
LINE
8
Layer 1
10
5.077270
20
513.995000
11
5.200760
21
513.825000
0
LINE
8
Layer 1
10
5.200760
20
513.825000
11
5.244480
21
513.619000
0
LINE
8
Layer 1
10
5.244480
20
513.619000
11
5.200760
21
513.414000
0
LINE
8
Layer 1
10
5.200760
20
513.414000
11
5.077270
21
513.244000
0
LINE
8
Layer 1
10
5.077270
20
513.244000
11
4.895230
21
513.139000
0
LINE
8
Layer 1
10
4.895230
20
513.139000
11
4.686190
21
513.117000
0
LINE
8
Layer 1
10
4.686190
20
513.117000
11
4.486330
21
513.182000
0
LINE
8
Layer 1
10
156.597000
20
513.182000
11
156.441000
21
513.322000
0
LINE
8
Layer 1
10
156.441000
20
513.322000
11
156.355000
21
513.514000
0
LINE
8
Layer 1
10
156.355000
20
513.514000
11
156.355000
21
513.724000
0
LINE
8
Layer 1
10
156.355000
20
513.724000
11
156.441000
21
513.916000
0
LINE
8
Layer 1
10
156.441000
20
513.916000
11
156.597000
21
514.057000
0
LINE
8
Layer 1
10
156.597000
20
514.057000
11
156.797000
21
514.122000
0
LINE
8
Layer 1
10
156.797000
20
514.122000
11
157.006000
21
514.100000
0
LINE
8
Layer 1
10
157.006000
20
514.100000
11
157.188000
21
513.995000
0
LINE
8
Layer 1
10
157.188000
20
513.995000
11
157.311000
21
513.825000
0
LINE
8
Layer 1
10
157.311000
20
513.825000
11
157.355000
21
513.619000
0
LINE
8
Layer 1
10
157.355000
20
513.619000
11
157.311000
21
513.414000
0
LINE
8
Layer 1
10
157.311000
20
513.414000
11
157.188000
21
513.244000
0
LINE
8
Layer 1
10
157.188000
20
513.244000
11
157.006000
21
513.139000
0
LINE
8
Layer 1
10
157.006000
20
513.139000
11
156.797000
21
513.117000
0
LINE
8
Layer 1
10
156.797000
20
513.117000
11
156.597000
21
513.182000
0
LINE
8
Layer 1
10
4.749680
20
510.796000
11
4.593490
21
510.937000
0
LINE
8
Layer 1
10
4.593490
20
510.937000
11
4.508010
21
511.129000
0
LINE
8
Layer 1
10
4.508010
20
511.129000
11
4.508010
21
511.339000
0
LINE
8
Layer 1
10
4.508010
20
511.339000
11
4.593490
21
511.531000
0
LINE
8
Layer 1
10
4.593490
20
511.531000
11
4.749680
21
511.672000
0
LINE
8
Layer 1
10
4.749680
20
511.672000
11
4.949540
21
511.737000
0
LINE
8
Layer 1
10
4.949540
20
511.737000
11
5.158580
21
511.715000
0
LINE
8
Layer 1
10
5.158580
20
511.715000
11
5.340620
21
511.610000
0
LINE
8
Layer 1
10
5.340620
20
511.610000
11
5.464110
21
511.440000
0
LINE
8
Layer 1
10
5.464110
20
511.440000
11
5.507830
21
511.234000
0
LINE
8
Layer 1
10
5.507830
20
511.234000
11
5.464110
21
511.028000
0
LINE
8
Layer 1
10
5.464110
20
511.028000
11
5.340620
21
510.858000
0
LINE
8
Layer 1
10
5.340620
20
510.858000
11
5.158580
21
510.753000
0
LINE
8
Layer 1
10
5.158580
20
510.753000
11
4.949540
21
510.731000
0
LINE
8
Layer 1
10
4.949540
20
510.731000
11
4.749680
21
510.796000
0
LINE
8
Layer 1
10
156.334000
20
510.796000
11
156.177000
21
510.937000
0
LINE
8
Layer 1
10
156.177000
20
510.937000
11
156.092000
21
511.129000
0
LINE
8
Layer 1
10
156.092000
20
511.129000
11
156.092000
21
511.339000
0
LINE
8
Layer 1
10
156.092000
20
511.339000
11
156.177000
21
511.531000
0
LINE
8
Layer 1
10
156.177000
20
511.531000
11
156.334000
21
511.672000
0
LINE
8
Layer 1
10
156.334000
20
511.672000
11
156.533000
21
511.737000
0
LINE
8
Layer 1
10
156.533000
20
511.737000
11
156.743000
21
511.715000
0
LINE
8
Layer 1
10
156.743000
20
511.715000
11
156.925000
21
511.610000
0
LINE
8
Layer 1
10
156.925000
20
511.610000
11
157.048000
21
511.440000
0
LINE
8
Layer 1
10
157.048000
20
511.440000
11
157.092000
21
511.234000
0
LINE
8
Layer 1
10
157.092000
20
511.234000
11
157.048000
21
511.028000
0
LINE
8
Layer 1
10
157.048000
20
511.028000
11
156.925000
21
510.858000
0
LINE
8
Layer 1
10
156.925000
20
510.858000
11
156.743000
21
510.753000
0
LINE
8
Layer 1
10
156.743000
20
510.753000
11
156.533000
21
510.731000
0
LINE
8
Layer 1
10
156.533000
20
510.731000
11
156.334000
21
510.796000
0
LINE
8
Layer 1
10
5.087830
20
508.420000
11
4.931640
21
508.561000
0
LINE
8
Layer 1
10
4.931640
20
508.561000
11
4.846160
21
508.753000
0
LINE
8
Layer 1
10
4.846160
20
508.753000
11
4.846160
21
508.963000
0
LINE
8
Layer 1
10
4.846160
20
508.963000
11
4.931640
21
509.155000
0
LINE
8
Layer 1
10
4.931640
20
509.155000
11
5.087830
21
509.296000
0
LINE
8
Layer 1
10
5.087830
20
509.296000
11
5.287690
21
509.361000
0
LINE
8
Layer 1
10
5.287690
20
509.361000
11
5.496730
21
509.339000
0
LINE
8
Layer 1
10
5.496730
20
509.339000
11
5.678770
21
509.234000
0
LINE
8
Layer 1
10
5.678770
20
509.234000
11
5.802260
21
509.064000
0
LINE
8
Layer 1
10
5.802260
20
509.064000
11
5.845980
21
508.858000
0
LINE
8
Layer 1
10
5.845980
20
508.858000
11
5.802260
21
508.652000
0
LINE
8
Layer 1
10
5.802260
20
508.652000
11
5.678770
21
508.482000
0
LINE
8
Layer 1
10
5.678770
20
508.482000
11
5.496730
21
508.377000
0
LINE
8
Layer 1
10
5.496730
20
508.377000
11
5.287690
21
508.355000
0
LINE
8
Layer 1
10
5.287690
20
508.355000
11
5.087830
21
508.420000
0
LINE
8
Layer 1
10
155.995000
20
508.420000
11
155.839000
21
508.561000
0
LINE
8
Layer 1
10
155.839000
20
508.561000
11
155.754000
21
508.753000
0
LINE
8
Layer 1
10
155.754000
20
508.753000
11
155.754000
21
508.963000
0
LINE
8
Layer 1
10
155.754000
20
508.963000
11
155.839000
21
509.155000
0
LINE
8
Layer 1
10
155.839000
20
509.155000
11
155.995000
21
509.296000
0
LINE
8
Layer 1
10
155.995000
20
509.296000
11
156.195000
21
509.361000
0
LINE
8
Layer 1
10
156.195000
20
509.361000
11
156.404000
21
509.339000
0
LINE
8
Layer 1
10
156.404000
20
509.339000
11
156.586000
21
509.234000
0
LINE
8
Layer 1
10
156.586000
20
509.234000
11
156.710000
21
509.064000
0
LINE
8
Layer 1
10
156.710000
20
509.064000
11
156.754000
21
508.858000
0
LINE
8
Layer 1
10
156.754000
20
508.858000
11
156.710000
21
508.652000
0
LINE
8
Layer 1
10
156.710000
20
508.652000
11
156.586000
21
508.482000
0
LINE
8
Layer 1
10
156.586000
20
508.482000
11
156.404000
21
508.377000
0
LINE
8
Layer 1
10
156.404000
20
508.377000
11
156.195000
21
508.355000
0
LINE
8
Layer 1
10
156.195000
20
508.355000
11
155.995000
21
508.420000
0
LINE
8
Layer 1
10
5.500440
20
506.056000
11
5.344250
21
506.197000
0
LINE
8
Layer 1
10
5.344250
20
506.197000
11
5.258770
21
506.389000
0
LINE
8
Layer 1
10
5.258770
20
506.389000
11
5.258770
21
506.599000
0
LINE
8
Layer 1
10
5.258770
20
506.599000
11
5.344250
21
506.791000
0
LINE
8
Layer 1
10
5.344250
20
506.791000
11
5.500440
21
506.932000
0
LINE
8
Layer 1
10
5.500440
20
506.932000
11
5.700300
21
506.997000
0
LINE
8
Layer 1
10
5.700300
20
506.997000
11
5.909350
21
506.975000
0
LINE
8
Layer 1
10
5.909350
20
506.975000
11
6.091380
21
506.869000
0
LINE
8
Layer 1
10
6.091380
20
506.869000
11
6.214870
21
506.699000
0
LINE
8
Layer 1
10
6.214870
20
506.699000
11
6.258590
21
506.494000
0
LINE
8
Layer 1
10
6.258590
20
506.494000
11
6.214870
21
506.288000
0
LINE
8
Layer 1
10
6.214870
20
506.288000
11
6.091380
21
506.118000
0
LINE
8
Layer 1
10
6.091380
20
506.118000
11
5.909350
21
506.013000
0
LINE
8
Layer 1
10
5.909350
20
506.013000
11
5.700300
21
505.991000
0
LINE
8
Layer 1
10
5.700300
20
505.991000
11
5.500440
21
506.056000
0
LINE
8
Layer 1
10
155.583000
20
506.056000
11
155.427000
21
506.197000
0
LINE
8
Layer 1
10
155.427000
20
506.197000
11
155.341000
21
506.389000
0
LINE
8
Layer 1
10
155.341000
20
506.389000
11
155.341000
21
506.599000
0
LINE
8
Layer 1
10
155.341000
20
506.599000
11
155.427000
21
506.791000
0
LINE
8
Layer 1
10
155.427000
20
506.791000
11
155.583000
21
506.932000
0
LINE
8
Layer 1
10
155.583000
20
506.932000
11
155.783000
21
506.997000
0
LINE
8
Layer 1
10
155.783000
20
506.997000
11
155.992000
21
506.975000
0
LINE
8
Layer 1
10
155.992000
20
506.975000
11
156.174000
21
506.869000
0
LINE
8
Layer 1
10
156.174000
20
506.869000
11
156.297000
21
506.699000
0
LINE
8
Layer 1
10
156.297000
20
506.699000
11
156.341000
21
506.494000
0
LINE
8
Layer 1
10
156.341000
20
506.494000
11
156.297000
21
506.288000
0
LINE
8
Layer 1
10
156.297000
20
506.288000
11
156.174000
21
506.118000
0
LINE
8
Layer 1
10
156.174000
20
506.118000
11
155.992000
21
506.013000
0
LINE
8
Layer 1
10
155.992000
20
506.013000
11
155.783000
21
505.991000
0
LINE
8
Layer 1
10
155.783000
20
505.991000
11
155.583000
21
506.056000
0
LINE
8
Layer 1
10
5.987120
20
503.706000
11
5.830930
21
503.847000
0
LINE
8
Layer 1
10
5.830930
20
503.847000
11
5.745440
21
504.039000
0
LINE
8
Layer 1
10
5.745440
20
504.039000
11
5.745440
21
504.249000
0
LINE
8
Layer 1
10
5.745440
20
504.249000
11
5.830930
21
504.441000
0
LINE
8
Layer 1
10
5.830930
20
504.441000
11
5.987120
21
504.582000
0
LINE
8
Layer 1
10
5.987120
20
504.582000
11
6.186970
21
504.646000
0
LINE
8
Layer 1
10
6.186970
20
504.646000
11
6.396030
21
504.625000
0
LINE
8
Layer 1
10
6.396030
20
504.625000
11
6.578050
21
504.519000
0
LINE
8
Layer 1
10
6.578050
20
504.519000
11
6.701570
21
504.349000
0
LINE
8
Layer 1
10
6.701570
20
504.349000
11
6.745250
21
504.144000
0
LINE
8
Layer 1
10
6.745250
20
504.144000
11
6.701570
21
503.938000
0
LINE
8
Layer 1
10
6.701570
20
503.938000
11
6.578050
21
503.768000
0
LINE
8
Layer 1
10
6.578050
20
503.768000
11
6.396030
21
503.663000
0
LINE
8
Layer 1
10
6.396030
20
503.663000
11
6.186970
21
503.641000
0
LINE
8
Layer 1
10
6.186970
20
503.641000
11
5.987120
21
503.706000
0
LINE
8
Layer 1
10
155.096000
20
503.706000
11
154.940000
21
503.847000
0
LINE
8
Layer 1
10
154.940000
20
503.847000
11
154.855000
21
504.039000
0
LINE
8
Layer 1
10
154.855000
20
504.039000
11
154.855000
21
504.249000
0
LINE
8
Layer 1
10
154.855000
20
504.249000
11
154.940000
21
504.441000
0
LINE
8
Layer 1
10
154.940000
20
504.441000
11
155.096000
21
504.582000
0
LINE
8
Layer 1
10
155.096000
20
504.582000
11
155.296000
21
504.646000
0
LINE
8
Layer 1
10
155.296000
20
504.646000
11
155.505000
21
504.625000
0
LINE
8
Layer 1
10
155.505000
20
504.625000
11
155.687000
21
504.519000
0
LINE
8
Layer 1
10
155.687000
20
504.519000
11
155.811000
21
504.349000
0
LINE
8
Layer 1
10
155.811000
20
504.349000
11
155.854000
21
504.144000
0
LINE
8
Layer 1
10
155.854000
20
504.144000
11
155.811000
21
503.938000
0
LINE
8
Layer 1
10
155.811000
20
503.938000
11
155.687000
21
503.768000
0
LINE
8
Layer 1
10
155.687000
20
503.768000
11
155.505000
21
503.663000
0
LINE
8
Layer 1
10
155.505000
20
503.663000
11
155.296000
21
503.641000
0
LINE
8
Layer 1
10
155.296000
20
503.641000
11
155.096000
21
503.706000
0
LINE
8
Layer 1
10
6.547360
20
501.373000
11
6.391170
21
501.513000
0
LINE
8
Layer 1
10
6.391170
20
501.513000
11
6.305690
21
501.705000
0
LINE
8
Layer 1
10
6.305690
20
501.705000
11
6.305690
21
501.915000
0
LINE
8
Layer 1
10
6.305690
20
501.915000
11
6.391170
21
502.107000
0
LINE
8
Layer 1
10
6.391170
20
502.107000
11
6.547360
21
502.248000
0
LINE
8
Layer 1
10
6.547360
20
502.248000
11
6.747220
21
502.313000
0
LINE
8
Layer 1
10
6.747220
20
502.313000
11
6.956270
21
502.291000
0
LINE
8
Layer 1
10
6.956270
20
502.291000
11
7.138290
21
502.186000
0
LINE
8
Layer 1
10
7.138290
20
502.186000
11
7.261810
21
502.016000
0
LINE
8
Layer 1
10
7.261810
20
502.016000
11
7.305500
21
501.810000
0
LINE
8
Layer 1
10
7.305500
20
501.810000
11
7.261810
21
501.605000
0
LINE
8
Layer 1
10
7.261810
20
501.605000
11
7.138290
21
501.435000
0
LINE
8
Layer 1
10
7.138290
20
501.435000
11
6.956270
21
501.330000
0
LINE
8
Layer 1
10
6.956270
20
501.330000
11
6.747220
21
501.308000
0
LINE
8
Layer 1
10
6.747220
20
501.308000
11
6.547360
21
501.373000
0
LINE
8
Layer 1
10
154.536000
20
501.373000
11
154.380000
21
501.513000
0
LINE
8
Layer 1
10
154.380000
20
501.513000
11
154.294000
21
501.705000
0
LINE
8
Layer 1
10
154.294000
20
501.705000
11
154.294000
21
501.915000
0
LINE
8
Layer 1
10
154.294000
20
501.915000
11
154.380000
21
502.107000
0
LINE
8
Layer 1
10
154.380000
20
502.107000
11
154.536000
21
502.248000
0
LINE
8
Layer 1
10
154.536000
20
502.248000
11
154.736000
21
502.313000
0
LINE
8
Layer 1
10
154.736000
20
502.313000
11
154.945000
21
502.291000
0
LINE
8
Layer 1
10
154.945000
20
502.291000
11
155.127000
21
502.186000
0
LINE
8
Layer 1
10
155.127000
20
502.186000
11
155.250000
21
502.016000
0
LINE
8
Layer 1
10
155.250000
20
502.016000
11
155.294000
21
501.810000
0
LINE
8
Layer 1
10
155.294000
20
501.810000
11
155.250000
21
501.605000
0
LINE
8
Layer 1
10
155.250000
20
501.605000
11
155.127000
21
501.435000
0
LINE
8
Layer 1
10
155.127000
20
501.435000
11
154.945000
21
501.330000
0
LINE
8
Layer 1
10
154.945000
20
501.330000
11
154.736000
21
501.308000
0
LINE
8
Layer 1
10
154.736000
20
501.308000
11
154.536000
21
501.373000
0
LINE
8
Layer 1
10
7.180630
20
499.058000
11
7.024440
21
499.198000
0
LINE
8
Layer 1
10
7.024440
20
499.198000
11
6.938950
21
499.390000
0
LINE
8
Layer 1
10
6.938950
20
499.390000
11
6.938950
21
499.600000
0
LINE
8
Layer 1
10
6.938950
20
499.600000
11
7.024440
21
499.792000
0
LINE
8
Layer 1
10
7.024440
20
499.792000
11
7.180630
21
499.933000
0
LINE
8
Layer 1
10
7.180630
20
499.933000
11
7.380490
21
499.998000
0
LINE
8
Layer 1
10
7.380490
20
499.998000
11
7.589540
21
499.976000
0
LINE
8
Layer 1
10
7.589540
20
499.976000
11
7.771560
21
499.871000
0
LINE
8
Layer 1
10
7.771560
20
499.871000
11
7.895080
21
499.701000
0
LINE
8
Layer 1
10
7.895080
20
499.701000
11
7.938770
21
499.495000
0
LINE
8
Layer 1
10
7.938770
20
499.495000
11
7.895080
21
499.290000
0
LINE
8
Layer 1
10
7.895080
20
499.290000
11
7.771560
21
499.120000
0
LINE
8
Layer 1
10
7.771560
20
499.120000
11
7.589540
21
499.015000
0
LINE
8
Layer 1
10
7.589540
20
499.015000
11
7.380490
21
498.993000
0
LINE
8
Layer 1
10
7.380490
20
498.993000
11
7.180630
21
499.058000
0
LINE
8
Layer 1
10
153.903000
20
499.058000
11
153.746000
21
499.198000
0
LINE
8
Layer 1
10
153.746000
20
499.198000
11
153.661000
21
499.390000
0
LINE
8
Layer 1
10
153.661000
20
499.390000
11
153.661000
21
499.600000
0
LINE
8
Layer 1
10
153.661000
20
499.600000
11
153.746000
21
499.792000
0
LINE
8
Layer 1
10
153.746000
20
499.792000
11
153.903000
21
499.933000
0
LINE
8
Layer 1
10
153.903000
20
499.933000
11
154.103000
21
499.998000
0
LINE
8
Layer 1
10
154.103000
20
499.998000
11
154.312000
21
499.976000
0
LINE
8
Layer 1
10
154.312000
20
499.976000
11
154.494000
21
499.871000
0
LINE
8
Layer 1
10
154.494000
20
499.871000
11
154.617000
21
499.701000
0
LINE
8
Layer 1
10
154.617000
20
499.701000
11
154.661000
21
499.495000
0
LINE
8
Layer 1
10
154.661000
20
499.495000
11
154.617000
21
499.290000
0
LINE
8
Layer 1
10
154.617000
20
499.290000
11
154.494000
21
499.120000
0
LINE
8
Layer 1
10
154.494000
20
499.120000
11
154.312000
21
499.015000
0
LINE
8
Layer 1
10
154.312000
20
499.015000
11
154.103000
21
498.993000
0
LINE
8
Layer 1
10
154.103000
20
498.993000
11
153.903000
21
499.058000
0
LINE
8
Layer 1
10
7.886310
20
496.764000
11
7.730120
21
496.904000
0
LINE
8
Layer 1
10
7.730120
20
496.904000
11
7.644620
21
497.096000
0
LINE
8
Layer 1
10
7.644620
20
497.096000
11
7.644620
21
497.307000
0
LINE
8
Layer 1
10
7.644620
20
497.307000
11
7.730120
21
497.499000
0
LINE
8
Layer 1
10
7.730120
20
497.499000
11
7.886310
21
497.639000
0
LINE
8
Layer 1
10
7.886310
20
497.639000
11
8.086150
21
497.704000
0
LINE
8
Layer 1
10
8.086150
20
497.704000
11
8.295200
21
497.682000
0
LINE
8
Layer 1
10
8.295200
20
497.682000
11
8.477230
21
497.577000
0
LINE
8
Layer 1
10
8.477230
20
497.577000
11
8.600750
21
497.407000
0
LINE
8
Layer 1
10
8.600750
20
497.407000
11
8.644440
21
497.202000
0
LINE
8
Layer 1
10
8.644440
20
497.202000
11
8.600750
21
496.996000
0
LINE
8
Layer 1
10
8.600750
20
496.996000
11
8.477230
21
496.826000
0
LINE
8
Layer 1
10
8.477230
20
496.826000
11
8.295200
21
496.721000
0
LINE
8
Layer 1
10
8.295200
20
496.721000
11
8.086150
21
496.699000
0
LINE
8
Layer 1
10
8.086150
20
496.699000
11
7.886310
21
496.764000
0
LINE
8
Layer 1
10
153.197000
20
496.764000
11
153.041000
21
496.904000
0
LINE
8
Layer 1
10
153.041000
20
496.904000
11
152.955000
21
497.096000
0
LINE
8
Layer 1
10
152.955000
20
497.096000
11
152.955000
21
497.307000
0
LINE
8
Layer 1
10
152.955000
20
497.307000
11
153.041000
21
497.499000
0
LINE
8
Layer 1
10
153.041000
20
497.499000
11
153.197000
21
497.639000
0
LINE
8
Layer 1
10
153.197000
20
497.639000
11
153.397000
21
497.704000
0
LINE
8
Layer 1
10
153.397000
20
497.704000
11
153.606000
21
497.682000
0
LINE
8
Layer 1
10
153.606000
20
497.682000
11
153.788000
21
497.577000
0
LINE
8
Layer 1
10
153.788000
20
497.577000
11
153.911000
21
497.407000
0
LINE
8
Layer 1
10
153.911000
20
497.407000
11
153.955000
21
497.202000
0
LINE
8
Layer 1
10
153.955000
20
497.202000
11
153.911000
21
496.996000
0
LINE
8
Layer 1
10
153.911000
20
496.996000
11
153.788000
21
496.826000
0
LINE
8
Layer 1
10
153.788000
20
496.826000
11
153.606000
21
496.721000
0
LINE
8
Layer 1
10
153.606000
20
496.721000
11
153.397000
21
496.699000
0
LINE
8
Layer 1
10
153.397000
20
496.699000
11
153.197000
21
496.764000
0
LINE
8
Layer 1
10
8.663670
20
494.493000
11
8.507480
21
494.634000
0
LINE
8
Layer 1
10
8.507480
20
494.634000
11
8.422000
21
494.826000
0
LINE
8
Layer 1
10
8.422000
20
494.826000
11
8.422000
21
495.036000
0
LINE
8
Layer 1
10
8.422000
20
495.036000
11
8.507480
21
495.228000
0
LINE
8
Layer 1
10
8.507480
20
495.228000
11
8.663670
21
495.369000
0
LINE
8
Layer 1
10
8.663670
20
495.369000
11
8.863530
21
495.434000
0
LINE
8
Layer 1
10
8.863530
20
495.434000
11
9.072570
21
495.412000
0
LINE
8
Layer 1
10
9.072570
20
495.412000
11
9.254590
21
495.307000
0
LINE
8
Layer 1
10
9.254590
20
495.307000
11
9.378100
21
495.137000
0
LINE
8
Layer 1
10
9.378100
20
495.137000
11
9.421810
21
494.931000
0
LINE
8
Layer 1
10
9.421810
20
494.931000
11
9.378100
21
494.725000
0
LINE
8
Layer 1
10
9.378100
20
494.725000
11
9.254590
21
494.555000
0
LINE
8
Layer 1
10
9.254590
20
494.555000
11
9.072570
21
494.450000
0
LINE
8
Layer 1
10
9.072570
20
494.450000
11
8.863530
21
494.428000
0
LINE
8
Layer 1
10
8.863530
20
494.428000
11
8.663670
21
494.493000
0
LINE
8
Layer 1
10
152.420000
20
494.493000
11
152.263000
21
494.634000
0
LINE
8
Layer 1
10
152.263000
20
494.634000
11
152.178000
21
494.826000
0
LINE
8
Layer 1
10
152.178000
20
494.826000
11
152.178000
21
495.036000
0
LINE
8
Layer 1
10
152.178000
20
495.036000
11
152.263000
21
495.228000
0
LINE
8
Layer 1
10
152.263000
20
495.228000
11
152.420000
21
495.369000
0
LINE
8
Layer 1
10
152.420000
20
495.369000
11
152.620000
21
495.434000
0
LINE
8
Layer 1
10
152.620000
20
495.434000
11
152.829000
21
495.412000
0
LINE
8
Layer 1
10
152.829000
20
495.412000
11
153.011000
21
495.307000
0
LINE
8
Layer 1
10
153.011000
20
495.307000
11
153.134000
21
495.137000
0
LINE
8
Layer 1
10
153.134000
20
495.137000
11
153.178000
21
494.931000
0
LINE
8
Layer 1
10
153.178000
20
494.931000
11
153.134000
21
494.725000
0
LINE
8
Layer 1
10
153.134000
20
494.725000
11
153.011000
21
494.555000
0
LINE
8
Layer 1
10
153.011000
20
494.555000
11
152.829000
21
494.450000
0
LINE
8
Layer 1
10
152.829000
20
494.450000
11
152.620000
21
494.428000
0
LINE
8
Layer 1
10
152.620000
20
494.428000
11
152.420000
21
494.493000
0
LINE
8
Layer 1
10
9.511980
20
492.248000
11
9.355790
21
492.389000
0
LINE
8
Layer 1
10
9.355790
20
492.389000
11
9.270290
21
492.581000
0
LINE
8
Layer 1
10
9.270290
20
492.581000
11
9.270290
21
492.791000
0
LINE
8
Layer 1
10
9.270290
20
492.791000
11
9.355790
21
492.983000
0
LINE
8
Layer 1
10
9.355790
20
492.983000
11
9.511980
21
493.124000
0
LINE
8
Layer 1
10
9.511980
20
493.124000
11
9.711820
21
493.189000
0
LINE
8
Layer 1
10
9.711820
20
493.189000
11
9.920880
21
493.167000
0
LINE
8
Layer 1
10
9.920880
20
493.167000
11
10.102900
21
493.062000
0
LINE
8
Layer 1
10
10.102900
20
493.062000
11
10.226400
21
492.892000
0
LINE
8
Layer 1
10
10.226400
20
492.892000
11
10.270100
21
492.686000
0
LINE
8
Layer 1
10
10.270100
20
492.686000
11
10.226400
21
492.480000
0
LINE
8
Layer 1
10
10.226400
20
492.480000
11
10.102900
21
492.310000
0
LINE
8
Layer 1
10
10.102900
20
492.310000
11
9.920880
21
492.205000
0
LINE
8
Layer 1
10
9.920880
20
492.205000
11
9.711820
21
492.183000
0
LINE
8
Layer 1
10
9.711820
20
492.183000
11
9.511980
21
492.248000
0
LINE
8
Layer 1
10
151.571000
20
492.248000
11
151.415000
21
492.389000
0
LINE
8
Layer 1
10
151.415000
20
492.389000
11
151.330000
21
492.581000
0
LINE
8
Layer 1
10
151.330000
20
492.581000
11
151.330000
21
492.791000
0
LINE
8
Layer 1
10
151.330000
20
492.791000
11
151.415000
21
492.983000
0
LINE
8
Layer 1
10
151.415000
20
492.983000
11
151.571000
21
493.124000
0
LINE
8
Layer 1
10
151.571000
20
493.124000
11
151.771000
21
493.189000
0
LINE
8
Layer 1
10
151.771000
20
493.189000
11
151.980000
21
493.167000
0
LINE
8
Layer 1
10
151.980000
20
493.167000
11
152.162000
21
493.062000
0
LINE
8
Layer 1
10
152.162000
20
493.062000
11
152.286000
21
492.892000
0
LINE
8
Layer 1
10
152.286000
20
492.892000
11
152.329000
21
492.686000
0
LINE
8
Layer 1
10
152.329000
20
492.686000
11
152.286000
21
492.480000
0
LINE
8
Layer 1
10
152.286000
20
492.480000
11
152.162000
21
492.310000
0
LINE
8
Layer 1
10
152.162000
20
492.310000
11
151.980000
21
492.205000
0
LINE
8
Layer 1
10
151.980000
20
492.205000
11
151.771000
21
492.183000
0
LINE
8
Layer 1
10
151.771000
20
492.183000
11
151.571000
21
492.248000
0
LINE
8
Layer 1
10
10.430400
20
490.031000
11
10.274200
21
490.172000
0
LINE
8
Layer 1
10
10.274200
20
490.172000
11
10.188700
21
490.364000
0
LINE
8
Layer 1
10
10.188700
20
490.364000
11
10.188700
21
490.574000
0
LINE
8
Layer 1
10
10.188700
20
490.574000
11
10.274200
21
490.766000
0
LINE
8
Layer 1
10
10.274200
20
490.766000
11
10.430400
21
490.907000
0
LINE
8
Layer 1
10
10.430400
20
490.907000
11
10.630200
21
490.972000
0
LINE
8
Layer 1
10
10.630200
20
490.972000
11
10.839300
21
490.950000
0
LINE
8
Layer 1
10
10.839300
20
490.950000
11
11.021300
21
490.844000
0
LINE
8
Layer 1
10
11.021300
20
490.844000
11
11.144800
21
490.674000
0
LINE
8
Layer 1
10
11.144800
20
490.674000
11
11.188500
21
490.469000
0
LINE
8
Layer 1
10
11.188500
20
490.469000
11
11.144800
21
490.263000
0
LINE
8
Layer 1
10
11.144800
20
490.263000
11
11.021300
21
490.093000
0
LINE
8
Layer 1
10
11.021300
20
490.093000
11
10.839300
21
489.988000
0
LINE
8
Layer 1
10
10.839300
20
489.988000
11
10.630200
21
489.966000
0
LINE
8
Layer 1
10
10.630200
20
489.966000
11
10.430400
21
490.031000
0
LINE
8
Layer 1
10
150.653000
20
490.031000
11
150.497000
21
490.172000
0
LINE
8
Layer 1
10
150.497000
20
490.172000
11
150.411000
21
490.364000
0
LINE
8
Layer 1
10
150.411000
20
490.364000
11
150.411000
21
490.574000
0
LINE
8
Layer 1
10
150.411000
20
490.574000
11
150.497000
21
490.766000
0
LINE
8
Layer 1
10
150.497000
20
490.766000
11
150.653000
21
490.907000
0
LINE
8
Layer 1
10
150.653000
20
490.907000
11
150.853000
21
490.972000
0
LINE
8
Layer 1
10
150.853000
20
490.972000
11
151.062000
21
490.950000
0
LINE
8
Layer 1
10
151.062000
20
490.950000
11
151.244000
21
490.844000
0
LINE
8
Layer 1
10
151.244000
20
490.844000
11
151.367000
21
490.674000
0
LINE
8
Layer 1
10
151.367000
20
490.674000
11
151.411000
21
490.469000
0
LINE
8
Layer 1
10
151.411000
20
490.469000
11
151.367000
21
490.263000
0
LINE
8
Layer 1
10
151.367000
20
490.263000
11
151.244000
21
490.093000
0
LINE
8
Layer 1
10
151.244000
20
490.093000
11
151.062000
21
489.988000
0
LINE
8
Layer 1
10
151.062000
20
489.988000
11
150.853000
21
489.966000
0
LINE
8
Layer 1
10
150.853000
20
489.966000
11
150.653000
21
490.031000
0
LINE
8
Layer 1
10
11.418000
20
487.844000
11
11.261800
21
487.984000
0
LINE
8
Layer 1
10
11.261800
20
487.984000
11
11.176300
21
488.177000
0
LINE
8
Layer 1
10
11.176300
20
488.177000
11
11.176300
21
488.387000
0
LINE
8
Layer 1
10
11.176300
20
488.387000
11
11.261800
21
488.579000
0
LINE
8
Layer 1
10
11.261800
20
488.579000
11
11.418000
21
488.719000
0
LINE
8
Layer 1
10
11.418000
20
488.719000
11
11.617800
21
488.784000
0
LINE
8
Layer 1
10
11.617800
20
488.784000
11
11.826900
21
488.762000
0
LINE
8
Layer 1
10
11.826900
20
488.762000
11
12.008900
21
488.657000
0
LINE
8
Layer 1
10
12.008900
20
488.657000
11
12.132400
21
488.487000
0
LINE
8
Layer 1
10
12.132400
20
488.487000
11
12.176100
21
488.282000
0
LINE
8
Layer 1
10
12.176100
20
488.282000
11
12.132400
21
488.076000
0
LINE
8
Layer 1
10
12.132400
20
488.076000
11
12.008900
21
487.906000
0
LINE
8
Layer 1
10
12.008900
20
487.906000
11
11.826900
21
487.801000
0
LINE
8
Layer 1
10
11.826900
20
487.801000
11
11.617800
21
487.779000
0
LINE
8
Layer 1
10
11.617800
20
487.779000
11
11.418000
21
487.844000
0
LINE
8
Layer 1
10
149.665000
20
487.844000
11
149.509000
21
487.984000
0
LINE
8
Layer 1
10
149.509000
20
487.984000
11
149.424000
21
488.177000
0
LINE
8
Layer 1
10
149.424000
20
488.177000
11
149.424000
21
488.387000
0
LINE
8
Layer 1
10
149.424000
20
488.387000
11
149.509000
21
488.579000
0
LINE
8
Layer 1
10
149.509000
20
488.579000
11
149.665000
21
488.719000
0
LINE
8
Layer 1
10
149.665000
20
488.719000
11
149.865000
21
488.784000
0
LINE
8
Layer 1
10
149.865000
20
488.784000
11
150.074000
21
488.762000
0
LINE
8
Layer 1
10
150.074000
20
488.762000
11
150.256000
21
488.657000
0
LINE
8
Layer 1
10
150.256000
20
488.657000
11
150.380000
21
488.487000
0
LINE
8
Layer 1
10
150.380000
20
488.487000
11
150.423000
21
488.282000
0
LINE
8
Layer 1
10
150.423000
20
488.282000
11
150.380000
21
488.076000
0
LINE
8
Layer 1
10
150.380000
20
488.076000
11
150.256000
21
487.906000
0
LINE
8
Layer 1
10
150.256000
20
487.906000
11
150.074000
21
487.801000
0
LINE
8
Layer 1
10
150.074000
20
487.801000
11
149.865000
21
487.779000
0
LINE
8
Layer 1
10
149.865000
20
487.779000
11
149.665000
21
487.844000
0
LINE
8
Layer 1
10
12.473800
20
485.689000
11
12.317600
21
485.829000
0
LINE
8
Layer 1
10
12.317600
20
485.829000
11
12.232100
21
486.021000
0
LINE
8
Layer 1
10
12.232100
20
486.021000
11
12.232100
21
486.231000
0
LINE
8
Layer 1
10
12.232100
20
486.231000
11
12.317600
21
486.424000
0
LINE
8
Layer 1
10
12.317600
20
486.424000
11
12.473800
21
486.564000
0
LINE
8
Layer 1
10
12.473800
20
486.564000
11
12.673600
21
486.629000
0
LINE
8
Layer 1
10
12.673600
20
486.629000
11
12.882700
21
486.607000
0
LINE
8
Layer 1
10
12.882700
20
486.607000
11
13.064700
21
486.502000
0
LINE
8
Layer 1
10
13.064700
20
486.502000
11
13.188200
21
486.332000
0
LINE
8
Layer 1
10
13.188200
20
486.332000
11
13.231900
21
486.126000
0
LINE
8
Layer 1
10
13.231900
20
486.126000
11
13.188200
21
485.921000
0
LINE
8
Layer 1
10
13.188200
20
485.921000
11
13.064700
21
485.751000
0
LINE
8
Layer 1
10
13.064700
20
485.751000
11
12.882700
21
485.646000
0
LINE
8
Layer 1
10
12.882700
20
485.646000
11
12.673600
21
485.624000
0
LINE
8
Layer 1
10
12.673600
20
485.624000
11
12.473800
21
485.689000
0
LINE
8
Layer 1
10
148.610000
20
485.689000
11
148.453000
21
485.829000
0
LINE
8
Layer 1
10
148.453000
20
485.829000
11
148.368000
21
486.021000
0
LINE
8
Layer 1
10
148.368000
20
486.021000
11
148.368000
21
486.231000
0
LINE
8
Layer 1
10
148.368000
20
486.231000
11
148.453000
21
486.424000
0
LINE
8
Layer 1
10
148.453000
20
486.424000
11
148.610000
21
486.564000
0
LINE
8
Layer 1
10
148.610000
20
486.564000
11
148.809000
21
486.629000
0
LINE
8
Layer 1
10
148.809000
20
486.629000
11
149.018000
21
486.607000
0
LINE
8
Layer 1
10
149.018000
20
486.607000
11
149.200000
21
486.502000
0
LINE
8
Layer 1
10
149.200000
20
486.502000
11
149.324000
21
486.332000
0
LINE
8
Layer 1
10
149.324000
20
486.332000
11
149.368000
21
486.126000
0
LINE
8
Layer 1
10
149.368000
20
486.126000
11
149.324000
21
485.921000
0
LINE
8
Layer 1
10
149.324000
20
485.921000
11
149.200000
21
485.751000
0
LINE
8
Layer 1
10
149.200000
20
485.751000
11
149.018000
21
485.646000
0
LINE
8
Layer 1
10
149.018000
20
485.646000
11
148.809000
21
485.624000
0
LINE
8
Layer 1
10
148.809000
20
485.624000
11
148.610000
21
485.689000
0
LINE
8
Layer 1
10
13.596800
20
483.568000
11
13.440600
21
483.708000
0
LINE
8
Layer 1
10
13.440600
20
483.708000
11
13.355100
21
483.900000
0
LINE
8
Layer 1
10
13.355100
20
483.900000
11
13.355100
21
484.111000
0
LINE
8
Layer 1
10
13.355100
20
484.111000
11
13.440600
21
484.303000
0
LINE
8
Layer 1
10
13.440600
20
484.303000
11
13.596800
21
484.443000
0
LINE
8
Layer 1
10
13.596800
20
484.443000
11
13.796600
21
484.508000
0
LINE
8
Layer 1
10
13.796600
20
484.508000
11
14.005700
21
484.486000
0
LINE
8
Layer 1
10
14.005700
20
484.486000
11
14.187700
21
484.381000
0
LINE
8
Layer 1
10
14.187700
20
484.381000
11
14.311200
21
484.211000
0
LINE
8
Layer 1
10
14.311200
20
484.211000
11
14.354900
21
484.005000
0
LINE
8
Layer 1
10
14.354900
20
484.005000
11
14.311200
21
483.800000
0
LINE
8
Layer 1
10
14.311200
20
483.800000
11
14.187700
21
483.630000
0
LINE
8
Layer 1
10
14.187700
20
483.630000
11
14.005700
21
483.525000
0
LINE
8
Layer 1
10
14.005700
20
483.525000
11
13.796600
21
483.503000
0
LINE
8
Layer 1
10
13.796600
20
483.503000
11
13.596800
21
483.568000
0
LINE
8
Layer 1
10
147.487000
20
483.568000
11
147.330000
21
483.708000
0
LINE
8
Layer 1
10
147.330000
20
483.708000
11
147.245000
21
483.900000
0
LINE
8
Layer 1
10
147.245000
20
483.900000
11
147.245000
21
484.111000
0
LINE
8
Layer 1
10
147.245000
20
484.111000
11
147.330000
21
484.303000
0
LINE
8
Layer 1
10
147.330000
20
484.303000
11
147.487000
21
484.443000
0
LINE
8
Layer 1
10
147.487000
20
484.443000
11
147.686000
21
484.508000
0
LINE
8
Layer 1
10
147.686000
20
484.508000
11
147.895000
21
484.486000
0
LINE
8
Layer 1
10
147.895000
20
484.486000
11
148.077000
21
484.381000
0
LINE
8
Layer 1
10
148.077000
20
484.381000
11
148.201000
21
484.211000
0
LINE
8
Layer 1
10
148.201000
20
484.211000
11
148.245000
21
484.005000
0
LINE
8
Layer 1
10
148.245000
20
484.005000
11
148.201000
21
483.800000
0
LINE
8
Layer 1
10
148.201000
20
483.800000
11
148.077000
21
483.630000
0
LINE
8
Layer 1
10
148.077000
20
483.630000
11
147.895000
21
483.525000
0
LINE
8
Layer 1
10
147.895000
20
483.525000
11
147.686000
21
483.503000
0
LINE
8
Layer 1
10
147.686000
20
483.503000
11
147.487000
21
483.568000
0
LINE
8
Layer 1
10
14.785800
20
481.483000
11
14.629600
21
481.624000
0
LINE
8
Layer 1
10
14.629600
20
481.624000
11
14.544100
21
481.816000
0
LINE
8
Layer 1
10
14.544100
20
481.816000
11
14.544100
21
482.026000
0
LINE
8
Layer 1
10
14.544100
20
482.026000
11
14.629600
21
482.218000
0
LINE
8
Layer 1
10
14.629600
20
482.218000
11
14.785800
21
482.359000
0
LINE
8
Layer 1
10
14.785800
20
482.359000
11
14.985700
21
482.423000
0
LINE
8
Layer 1
10
14.985700
20
482.423000
11
15.194700
21
482.402000
0
LINE
8
Layer 1
10
15.194700
20
482.402000
11
15.376800
21
482.296000
0
LINE
8
Layer 1
10
15.376800
20
482.296000
11
15.500200
21
482.126000
0
LINE
8
Layer 1
10
15.500200
20
482.126000
11
15.544000
21
481.921000
0
LINE
8
Layer 1
10
15.544000
20
481.921000
11
15.500300
21
481.715000
0
LINE
8
Layer 1
10
15.500300
20
481.715000
11
15.376700
21
481.545000
0
LINE
8
Layer 1
10
15.376700
20
481.545000
11
15.194700
21
481.440000
0
LINE
8
Layer 1
10
15.194700
20
481.440000
11
14.985700
21
481.418000
0
LINE
8
Layer 1
10
14.985700
20
481.418000
11
14.785800
21
481.483000
0
LINE
8
Layer 1
10
146.298000
20
481.483000
11
146.141000
21
481.624000
0
LINE
8
Layer 1
10
146.141000
20
481.624000
11
146.056000
21
481.816000
0
LINE
8
Layer 1
10
146.056000
20
481.816000
11
146.056000
21
482.026000
0
LINE
8
Layer 1
10
146.056000
20
482.026000
11
146.141000
21
482.218000
0
LINE
8
Layer 1
10
146.141000
20
482.218000
11
146.298000
21
482.359000
0
LINE
8
Layer 1
10
146.298000
20
482.359000
11
146.497000
21
482.423000
0
LINE
8
Layer 1
10
146.497000
20
482.423000
11
146.706000
21
482.402000
0
LINE
8
Layer 1
10
146.706000
20
482.402000
11
146.888000
21
482.296000
0
LINE
8
Layer 1
10
146.888000
20
482.296000
11
147.012000
21
482.126000
0
LINE
8
Layer 1
10
147.012000
20
482.126000
11
147.056000
21
481.921000
0
LINE
8
Layer 1
10
147.056000
20
481.921000
11
147.012000
21
481.715000
0
LINE
8
Layer 1
10
147.012000
20
481.715000
11
146.888000
21
481.545000
0
LINE
8
Layer 1
10
146.888000
20
481.545000
11
146.706000
21
481.440000
0
LINE
8
Layer 1
10
146.706000
20
481.440000
11
146.497000
21
481.418000
0
LINE
8
Layer 1
10
146.497000
20
481.418000
11
146.298000
21
481.483000
0
LINE
8
Layer 1
10
16.039800
20
479.437000
11
15.883600
21
479.577000
0
LINE
8
Layer 1
10
15.883600
20
479.577000
11
15.798100
21
479.770000
0
LINE
8
Layer 1
10
15.798100
20
479.770000
11
15.798100
21
479.980000
0
LINE
8
Layer 1
10
15.798100
20
479.980000
11
15.883600
21
480.172000
0
LINE
8
Layer 1
10
15.883600
20
480.172000
11
16.039800
21
480.312000
0
LINE
8
Layer 1
10
16.039800
20
480.312000
11
16.239600
21
480.377000
0
LINE
8
Layer 1
10
16.239600
20
480.377000
11
16.448700
21
480.355000
0
LINE
8
Layer 1
10
16.448700
20
480.355000
11
16.630700
21
480.250000
0
LINE
8
Layer 1
10
16.630700
20
480.250000
11
16.754200
21
480.080000
0
LINE
8
Layer 1
10
16.754200
20
480.080000
11
16.797900
21
479.875000
0
LINE
8
Layer 1
10
16.797900
20
479.875000
11
16.754200
21
479.669000
0
LINE
8
Layer 1
10
16.754200
20
479.669000
11
16.630700
21
479.499000
0
LINE
8
Layer 1
10
16.630700
20
479.499000
11
16.448700
21
479.394000
0
LINE
8
Layer 1
10
16.448700
20
479.394000
11
16.239600
21
479.372000
0
LINE
8
Layer 1
10
16.239600
20
479.372000
11
16.039800
21
479.437000
0
LINE
8
Layer 1
10
145.044000
20
479.437000
11
144.887000
21
479.577000
0
LINE
8
Layer 1
10
144.887000
20
479.577000
11
144.802000
21
479.770000
0
LINE
8
Layer 1
10
144.802000
20
479.770000
11
144.802000
21
479.980000
0
LINE
8
Layer 1
10
144.802000
20
479.980000
11
144.887000
21
480.172000
0
LINE
8
Layer 1
10
144.887000
20
480.172000
11
145.044000
21
480.312000
0
LINE
8
Layer 1
10
145.044000
20
480.312000
11
145.243000
21
480.377000
0
LINE
8
Layer 1
10
145.243000
20
480.377000
11
145.452000
21
480.355000
0
LINE
8
Layer 1
10
145.452000
20
480.355000
11
145.634000
21
480.250000
0
LINE
8
Layer 1
10
145.634000
20
480.250000
11
145.758000
21
480.080000
0
LINE
8
Layer 1
10
145.758000
20
480.080000
11
145.802000
21
479.875000
0
LINE
8
Layer 1
10
145.802000
20
479.875000
11
145.758000
21
479.669000
0
LINE
8
Layer 1
10
145.758000
20
479.669000
11
145.634000
21
479.499000
0
LINE
8
Layer 1
10
145.634000
20
479.499000
11
145.452000
21
479.394000
0
LINE
8
Layer 1
10
145.452000
20
479.394000
11
145.243000
21
479.372000
0
LINE
8
Layer 1
10
145.243000
20
479.372000
11
145.044000
21
479.437000
0
LINE
8
Layer 1
10
17.357400
20
477.431000
11
17.201200
21
477.572000
0
LINE
8
Layer 1
10
17.201200
20
477.572000
11
17.115700
21
477.764000
0
LINE
8
Layer 1
10
17.115700
20
477.764000
11
17.115700
21
477.974000
0
LINE
8
Layer 1
10
17.115700
20
477.974000
11
17.201200
21
478.166000
0
LINE
8
Layer 1
10
17.201200
20
478.166000
11
17.357400
21
478.306000
0
LINE
8
Layer 1
10
17.357400
20
478.306000
11
17.557200
21
478.371000
0
LINE
8
Layer 1
10
17.557200
20
478.371000
11
17.766300
21
478.349000
0
LINE
8
Layer 1
10
17.766300
20
478.349000
11
17.948300
21
478.244000
0
LINE
8
Layer 1
10
17.948300
20
478.244000
11
18.071800
21
478.074000
0
LINE
8
Layer 1
10
18.071800
20
478.074000
11
18.115500
21
477.869000
0
LINE
8
Layer 1
10
18.115500
20
477.869000
11
18.071800
21
477.663000
0
LINE
8
Layer 1
10
18.071800
20
477.663000
11
17.948300
21
477.493000
0
LINE
8
Layer 1
10
17.948300
20
477.493000
11
17.766300
21
477.388000
0
LINE
8
Layer 1
10
17.766300
20
477.388000
11
17.557200
21
477.366000
0
LINE
8
Layer 1
10
17.557200
20
477.366000
11
17.357400
21
477.431000
0
LINE
8
Layer 1
10
143.726000
20
477.431000
11
143.570000
21
477.572000
0
LINE
8
Layer 1
10
143.570000
20
477.572000
11
143.484000
21
477.764000
0
LINE
8
Layer 1
10
143.484000
20
477.764000
11
143.484000
21
477.974000
0
LINE
8
Layer 1
10
143.484000
20
477.974000
11
143.570000
21
478.166000
0
LINE
8
Layer 1
10
143.570000
20
478.166000
11
143.726000
21
478.306000
0
LINE
8
Layer 1
10
143.726000
20
478.306000
11
143.926000
21
478.371000
0
LINE
8
Layer 1
10
143.926000
20
478.371000
11
144.135000
21
478.349000
0
LINE
8
Layer 1
10
144.135000
20
478.349000
11
144.317000
21
478.244000
0
LINE
8
Layer 1
10
144.317000
20
478.244000
11
144.440000
21
478.074000
0
LINE
8
Layer 1
10
144.440000
20
478.074000
11
144.484000
21
477.869000
0
LINE
8
Layer 1
10
144.484000
20
477.869000
11
144.440000
21
477.663000
0
LINE
8
Layer 1
10
144.440000
20
477.663000
11
144.317000
21
477.493000
0
LINE
8
Layer 1
10
144.317000
20
477.493000
11
144.135000
21
477.388000
0
LINE
8
Layer 1
10
144.135000
20
477.388000
11
143.926000
21
477.366000
0
LINE
8
Layer 1
10
143.926000
20
477.366000
11
143.726000
21
477.431000
0
LINE
8
Layer 1
10
18.737300
20
475.468000
11
18.581100
21
475.608000
0
LINE
8
Layer 1
10
18.581100
20
475.608000
11
18.495700
21
475.800000
0
LINE
8
Layer 1
10
18.495700
20
475.800000
11
18.495700
21
476.010000
0
LINE
8
Layer 1
10
18.495700
20
476.010000
11
18.581100
21
476.202000
0
LINE
8
Layer 1
10
18.581100
20
476.202000
11
18.737300
21
476.343000
0
LINE
8
Layer 1
10
18.737300
20
476.343000
11
18.937200
21
476.408000
0
LINE
8
Layer 1
10
18.937200
20
476.408000
11
19.146200
21
476.386000
0
LINE
8
Layer 1
10
19.146200
20
476.386000
11
19.328200
21
476.281000
0
LINE
8
Layer 1
10
19.328200
20
476.281000
11
19.451800
21
476.111000
0
LINE
8
Layer 1
10
19.451800
20
476.111000
11
19.495500
21
475.905000
0
LINE
8
Layer 1
10
19.495500
20
475.905000
11
19.451800
21
475.700000
0
LINE
8
Layer 1
10
19.451800
20
475.700000
11
19.328200
21
475.530000
0
LINE
8
Layer 1
10
19.328200
20
475.530000
11
19.146200
21
475.425000
0
LINE
8
Layer 1
10
19.146200
20
475.425000
11
18.937200
21
475.403000
0
LINE
8
Layer 1
10
18.937200
20
475.403000
11
18.737300
21
475.468000
0
LINE
8
Layer 1
10
142.346000
20
475.468000
11
142.190000
21
475.608000
0
LINE
8
Layer 1
10
142.190000
20
475.608000
11
142.104000
21
475.800000
0
LINE
8
Layer 1
10
142.104000
20
475.800000
11
142.104000
21
476.010000
0
LINE
8
Layer 1
10
142.104000
20
476.010000
11
142.190000
21
476.202000
0
LINE
8
Layer 1
10
142.190000
20
476.202000
11
142.346000
21
476.343000
0
LINE
8
Layer 1
10
142.346000
20
476.343000
11
142.546000
21
476.408000
0
LINE
8
Layer 1
10
142.546000
20
476.408000
11
142.755000
21
476.386000
0
LINE
8
Layer 1
10
142.755000
20
476.386000
11
142.937000
21
476.281000
0
LINE
8
Layer 1
10
142.937000
20
476.281000
11
143.060000
21
476.111000
0
LINE
8
Layer 1
10
143.060000
20
476.111000
11
143.104000
21
475.905000
0
LINE
8
Layer 1
10
143.104000
20
475.905000
11
143.060000
21
475.700000
0
LINE
8
Layer 1
10
143.060000
20
475.700000
11
142.937000
21
475.530000
0
LINE
8
Layer 1
10
142.937000
20
475.530000
11
142.755000
21
475.425000
0
LINE
8
Layer 1
10
142.755000
20
475.425000
11
142.546000
21
475.403000
0
LINE
8
Layer 1
10
142.546000
20
475.403000
11
142.346000
21
475.468000
0
LINE
8
Layer 1
10
20.178300
20
473.548000
11
20.022100
21
473.689000
0
LINE
8
Layer 1
10
20.022100
20
473.689000
11
19.936600
21
473.881000
0
LINE
8
Layer 1
10
19.936600
20
473.881000
11
19.936600
21
474.091000
0
LINE
8
Layer 1
10
19.936600
20
474.091000
11
20.022100
21
474.283000
0
LINE
8
Layer 1
10
20.022100
20
474.283000
11
20.178300
21
474.424000
0
LINE
8
Layer 1
10
20.178300
20
474.424000
11
20.378100
21
474.489000
0
LINE
8
Layer 1
10
20.378100
20
474.489000
11
20.587200
21
474.467000
0
LINE
8
Layer 1
10
20.587200
20
474.467000
11
20.769200
21
474.362000
0
LINE
8
Layer 1
10
20.769200
20
474.362000
11
20.892700
21
474.192000
0
LINE
8
Layer 1
10
20.892700
20
474.192000
11
20.936400
21
473.986000
0
LINE
8
Layer 1
10
20.936400
20
473.986000
11
20.892700
21
473.780000
0
LINE
8
Layer 1
10
20.892700
20
473.780000
11
20.769200
21
473.610000
0
LINE
8
Layer 1
10
20.769200
20
473.610000
11
20.587200
21
473.505000
0
LINE
8
Layer 1
10
20.587200
20
473.505000
11
20.378100
21
473.483000
0
LINE
8
Layer 1
10
20.378100
20
473.483000
11
20.178300
21
473.548000
0
LINE
8
Layer 1
10
140.905000
20
473.548000
11
140.749000
21
473.689000
0
LINE
8
Layer 1
10
140.749000
20
473.689000
11
140.663000
21
473.881000
0
LINE
8
Layer 1
10
140.663000
20
473.881000
11
140.663000
21
474.091000
0
LINE
8
Layer 1
10
140.663000
20
474.091000
11
140.749000
21
474.283000
0
LINE
8
Layer 1
10
140.749000
20
474.283000
11
140.905000
21
474.424000
0
LINE
8
Layer 1
10
140.905000
20
474.424000
11
141.105000
21
474.489000
0
LINE
8
Layer 1
10
141.105000
20
474.489000
11
141.314000
21
474.467000
0
LINE
8
Layer 1
10
141.314000
20
474.467000
11
141.496000
21
474.362000
0
LINE
8
Layer 1
10
141.496000
20
474.362000
11
141.619000
21
474.192000
0
LINE
8
Layer 1
10
141.619000
20
474.192000
11
141.663000
21
473.986000
0
LINE
8
Layer 1
10
141.663000
20
473.986000
11
141.619000
21
473.780000
0
LINE
8
Layer 1
10
141.619000
20
473.780000
11
141.496000
21
473.610000
0
LINE
8
Layer 1
10
141.496000
20
473.610000
11
141.314000
21
473.505000
0
LINE
8
Layer 1
10
141.314000
20
473.505000
11
141.105000
21
473.483000
0
LINE
8
Layer 1
10
141.105000
20
473.483000
11
140.905000
21
473.548000
0
LINE
8
Layer 1
10
21.678800
20
471.675000
11
21.522600
21
471.816000
0
LINE
8
Layer 1
10
21.522600
20
471.816000
11
21.437100
21
472.008000
0
LINE
8
Layer 1
10
21.437100
20
472.008000
11
21.437100
21
472.218000
0
LINE
8
Layer 1
10
21.437100
20
472.218000
11
21.522600
21
472.410000
0
LINE
8
Layer 1
10
21.522600
20
472.410000
11
21.678800
21
472.551000
0
LINE
8
Layer 1
10
21.678800
20
472.551000
11
21.878600
21
472.616000
0
LINE
8
Layer 1
10
21.878600
20
472.616000
11
22.087700
21
472.594000
0
LINE
8
Layer 1
10
22.087700
20
472.594000
11
22.269700
21
472.489000
0
LINE
8
Layer 1
10
22.269700
20
472.489000
11
22.393200
21
472.319000
0
LINE
8
Layer 1
10
22.393200
20
472.319000
11
22.436900
21
472.113000
0
LINE
8
Layer 1
10
22.436900
20
472.113000
11
22.393200
21
471.908000
0
LINE
8
Layer 1
10
22.393200
20
471.908000
11
22.269700
21
471.738000
0
LINE
8
Layer 1
10
22.269700
20
471.738000
11
22.087700
21
471.632000
0
LINE
8
Layer 1
10
22.087700
20
471.632000
11
21.878600
21
471.610000
0
LINE
8
Layer 1
10
21.878600
20
471.610000
11
21.678800
21
471.675000
0
LINE
8
Layer 1
10
139.405000
20
471.675000
11
139.248000
21
471.816000
0
LINE
8
Layer 1
10
139.248000
20
471.816000
11
139.163000
21
472.008000
0
LINE
8
Layer 1
10
139.163000
20
472.008000
11
139.163000
21
472.218000
0
LINE
8
Layer 1
10
139.163000
20
472.218000
11
139.248000
21
472.410000
0
LINE
8
Layer 1
10
139.248000
20
472.410000
11
139.405000
21
472.551000
0
LINE
8
Layer 1
10
139.405000
20
472.551000
11
139.604000
21
472.616000
0
LINE
8
Layer 1
10
139.604000
20
472.616000
11
139.813000
21
472.594000
0
LINE
8
Layer 1
10
139.813000
20
472.594000
11
139.995000
21
472.489000
0
LINE
8
Layer 1
10
139.995000
20
472.489000
11
140.119000
21
472.319000
0
LINE
8
Layer 1
10
140.119000
20
472.319000
11
140.163000
21
472.113000
0
LINE
8
Layer 1
10
140.163000
20
472.113000
11
140.119000
21
471.908000
0
LINE
8
Layer 1
10
140.119000
20
471.908000
11
139.995000
21
471.738000
0
LINE
8
Layer 1
10
139.995000
20
471.738000
11
139.813000
21
471.632000
0
LINE
8
Layer 1
10
139.813000
20
471.632000
11
139.604000
21
471.610000
0
LINE
8
Layer 1
10
139.604000
20
471.610000
11
139.405000
21
471.675000
0
LINE
8
Layer 1
10
23.237400
20
469.851000
11
23.081200
21
469.991000
0
LINE
8
Layer 1
10
23.081200
20
469.991000
11
22.995700
21
470.183000
0
LINE
8
Layer 1
10
22.995700
20
470.183000
11
22.995700
21
470.393000
0
LINE
8
Layer 1
10
22.995700
20
470.393000
11
23.081200
21
470.585000
0
LINE
8
Layer 1
10
23.081200
20
470.585000
11
23.237400
21
470.726000
0
LINE
8
Layer 1
10
23.237400
20
470.726000
11
23.437300
21
470.791000
0
LINE
8
Layer 1
10
23.437300
20
470.791000
11
23.646300
21
470.769000
0
LINE
8
Layer 1
10
23.646300
20
470.769000
11
23.828300
21
470.664000
0
LINE
8
Layer 1
10
23.828300
20
470.664000
11
23.951800
21
470.494000
0
LINE
8
Layer 1
10
23.951800
20
470.494000
11
23.995500
21
470.288000
0
LINE
8
Layer 1
10
23.995500
20
470.288000
11
23.951800
21
470.083000
0
LINE
8
Layer 1
10
23.951800
20
470.083000
11
23.828300
21
469.913000
0
LINE
8
Layer 1
10
23.828300
20
469.913000
11
23.646300
21
469.808000
0
LINE
8
Layer 1
10
23.646300
20
469.808000
11
23.437300
21
469.786000
0
LINE
8
Layer 1
10
23.437300
20
469.786000
11
23.237400
21
469.851000
0
LINE
8
Layer 1
10
137.846000
20
469.851000
11
137.690000
21
469.991000
0
LINE
8
Layer 1
10
137.690000
20
469.991000
11
137.604000
21
470.183000
0
LINE
8
Layer 1
10
137.604000
20
470.183000
11
137.604000
21
470.393000
0
LINE
8
Layer 1
10
137.604000
20
470.393000
11
137.690000
21
470.585000
0
LINE
8
Layer 1
10
137.690000
20
470.585000
11
137.846000
21
470.726000
0
LINE
8
Layer 1
10
137.846000
20
470.726000
11
138.046000
21
470.791000
0
LINE
8
Layer 1
10
138.046000
20
470.791000
11
138.255000
21
470.769000
0
LINE
8
Layer 1
10
138.255000
20
470.769000
11
138.437000
21
470.664000
0
LINE
8
Layer 1
10
138.437000
20
470.664000
11
138.560000
21
470.494000
0
LINE
8
Layer 1
10
138.560000
20
470.494000
11
138.604000
21
470.288000
0
LINE
8
Layer 1
10
138.604000
20
470.288000
11
138.560000
21
470.083000
0
LINE
8
Layer 1
10
138.560000
20
470.083000
11
138.437000
21
469.913000
0
LINE
8
Layer 1
10
138.437000
20
469.913000
11
138.255000
21
469.808000
0
LINE
8
Layer 1
10
138.255000
20
469.808000
11
138.046000
21
469.786000
0
LINE
8
Layer 1
10
138.046000
20
469.786000
11
137.846000
21
469.851000
0
LINE
8
Layer 1
10
24.852600
20
468.075000
11
24.696400
21
468.216000
0
LINE
8
Layer 1
10
24.696400
20
468.216000
11
24.610900
21
468.408000
0
LINE
8
Layer 1
10
24.610900
20
468.408000
11
24.610900
21
468.618000
0
LINE
8
Layer 1
10
24.610900
20
468.618000
11
24.696400
21
468.810000
0
LINE
8
Layer 1
10
24.696400
20
468.810000
11
24.852600
21
468.951000
0
LINE
8
Layer 1
10
24.852600
20
468.951000
11
25.052400
21
469.016000
0
LINE
8
Layer 1
10
25.052400
20
469.016000
11
25.261500
21
468.994000
0
LINE
8
Layer 1
10
25.261500
20
468.994000
11
25.443500
21
468.889000
0
LINE
8
Layer 1
10
25.443500
20
468.889000
11
25.567000
21
468.719000
0
LINE
8
Layer 1
10
25.567000
20
468.719000
11
25.610700
21
468.513000
0
LINE
8
Layer 1
10
25.610700
20
468.513000
11
25.567000
21
468.308000
0
LINE
8
Layer 1
10
25.567000
20
468.308000
11
25.443500
21
468.138000
0
LINE
8
Layer 1
10
25.443500
20
468.138000
11
25.261500
21
468.032000
0
LINE
8
Layer 1
10
25.261500
20
468.032000
11
25.052400
21
468.011000
0
LINE
8
Layer 1
10
25.052400
20
468.011000
11
24.852600
21
468.075000
0
LINE
8
Layer 1
10
136.231000
20
468.075000
11
136.075000
21
468.216000
0
LINE
8
Layer 1
10
136.075000
20
468.216000
11
135.989000
21
468.408000
0
LINE
8
Layer 1
10
135.989000
20
468.408000
11
135.989000
21
468.618000
0
LINE
8
Layer 1
10
135.989000
20
468.618000
11
136.075000
21
468.810000
0
LINE
8
Layer 1
10
136.075000
20
468.810000
11
136.231000
21
468.951000
0
LINE
8
Layer 1
10
136.231000
20
468.951000
11
136.431000
21
469.016000
0
LINE
8
Layer 1
10
136.431000
20
469.016000
11
136.640000
21
468.994000
0
LINE
8
Layer 1
10
136.640000
20
468.994000
11
136.822000
21
468.889000
0
LINE
8
Layer 1
10
136.822000
20
468.889000
11
136.945000
21
468.719000
0
LINE
8
Layer 1
10
136.945000
20
468.719000
11
136.989000
21
468.513000
0
LINE
8
Layer 1
10
136.989000
20
468.513000
11
136.945000
21
468.308000
0
LINE
8
Layer 1
10
136.945000
20
468.308000
11
136.822000
21
468.138000
0
LINE
8
Layer 1
10
136.822000
20
468.138000
11
136.640000
21
468.032000
0
LINE
8
Layer 1
10
136.640000
20
468.032000
11
136.431000
21
468.011000
0
LINE
8
Layer 1
10
136.431000
20
468.011000
11
136.231000
21
468.075000
0
LINE
8
Layer 1
10
26.522700
20
466.352000
11
26.366500
21
466.493000
0
LINE
8
Layer 1
10
26.366500
20
466.493000
11
26.281000
21
466.685000
0
LINE
8
Layer 1
10
26.281000
20
466.685000
11
26.281000
21
466.895000
0
LINE
8
Layer 1
10
26.281000
20
466.895000
11
26.366500
21
467.087000
0
LINE
8
Layer 1
10
26.366500
20
467.087000
11
26.522700
21
467.227000
0
LINE
8
Layer 1
10
26.522700
20
467.227000
11
26.722500
21
467.292000
0
LINE
8
Layer 1
10
26.722500
20
467.292000
11
26.931600
21
467.270000
0
LINE
8
Layer 1
10
26.931600
20
467.270000
11
27.113600
21
467.165000
0
LINE
8
Layer 1
10
27.113600
20
467.165000
11
27.237100
21
466.995000
0
LINE
8
Layer 1
10
27.237100
20
466.995000
11
27.280800
21
466.790000
0
LINE
8
Layer 1
10
27.280800
20
466.790000
11
27.237100
21
466.584000
0
LINE
8
Layer 1
10
27.237100
20
466.584000
11
27.113600
21
466.414000
0
LINE
8
Layer 1
10
27.113600
20
466.414000
11
26.931600
21
466.309000
0
LINE
8
Layer 1
10
26.931600
20
466.309000
11
26.722500
21
466.287000
0
LINE
8
Layer 1
10
26.722500
20
466.287000
11
26.522700
21
466.352000
0
LINE
8
Layer 1
10
134.561000
20
466.352000
11
134.404000
21
466.493000
0
LINE
8
Layer 1
10
134.404000
20
466.493000
11
134.319000
21
466.685000
0
LINE
8
Layer 1
10
134.319000
20
466.685000
11
134.319000
21
466.895000
0
LINE
8
Layer 1
10
134.319000
20
466.895000
11
134.404000
21
467.087000
0
LINE
8
Layer 1
10
134.404000
20
467.087000
11
134.561000
21
467.227000
0
LINE
8
Layer 1
10
134.561000
20
467.227000
11
134.760000
21
467.292000
0
LINE
8
Layer 1
10
134.760000
20
467.292000
11
134.970000
21
467.270000
0
LINE
8
Layer 1
10
134.970000
20
467.270000
11
135.152000
21
467.165000
0
LINE
8
Layer 1
10
135.152000
20
467.165000
11
135.275000
21
466.995000
0
LINE
8
Layer 1
10
135.275000
20
466.995000
11
135.319000
21
466.790000
0
LINE
8
Layer 1
10
135.319000
20
466.790000
11
135.275000
21
466.584000
0
LINE
8
Layer 1
10
135.275000
20
466.584000
11
135.152000
21
466.414000
0
LINE
8
Layer 1
10
135.152000
20
466.414000
11
134.970000
21
466.309000
0
LINE
8
Layer 1
10
134.970000
20
466.309000
11
134.760000
21
466.287000
0
LINE
8
Layer 1
10
134.760000
20
466.287000
11
134.561000
21
466.352000
0
LINE
8
Layer 1
10
28.246100
20
464.682000
11
28.089900
21
464.823000
0
LINE
8
Layer 1
10
28.089900
20
464.823000
11
28.004400
21
465.015000
0
LINE
8
Layer 1
10
28.004400
20
465.015000
11
28.004400
21
465.225000
0
LINE
8
Layer 1
10
28.004400
20
465.225000
11
28.089900
21
465.417000
0
LINE
8
Layer 1
10
28.089900
20
465.417000
11
28.246100
21
465.557000
0
LINE
8
Layer 1
10
28.246100
20
465.557000
11
28.446000
21
465.622000
0
LINE
8
Layer 1
10
28.446000
20
465.622000
11
28.655000
21
465.600000
0
LINE
8
Layer 1
10
28.655000
20
465.600000
11
28.837100
21
465.495000
0
LINE
8
Layer 1
10
28.837100
20
465.495000
11
28.960600
21
465.325000
0
LINE
8
Layer 1
10
28.960600
20
465.325000
11
29.004300
21
465.120000
0
LINE
8
Layer 1
10
29.004300
20
465.120000
11
28.960600
21
464.914000
0
LINE
8
Layer 1
10
28.960600
20
464.914000
11
28.837100
21
464.744000
0
LINE
8
Layer 1
10
28.837100
20
464.744000
11
28.655000
21
464.639000
0
LINE
8
Layer 1
10
28.655000
20
464.639000
11
28.446000
21
464.617000
0
LINE
8
Layer 1
10
28.446000
20
464.617000
11
28.246100
21
464.682000
0
LINE
8
Layer 1
10
132.837000
20
464.682000
11
132.681000
21
464.823000
0
LINE
8
Layer 1
10
132.681000
20
464.823000
11
132.596000
21
465.015000
0
LINE
8
Layer 1
10
132.596000
20
465.015000
11
132.596000
21
465.225000
0
LINE
8
Layer 1
10
132.596000
20
465.225000
11
132.681000
21
465.417000
0
LINE
8
Layer 1
10
132.681000
20
465.417000
11
132.837000
21
465.557000
0
LINE
8
Layer 1
10
132.837000
20
465.557000
11
133.037000
21
465.622000
0
LINE
8
Layer 1
10
133.037000
20
465.622000
11
133.246000
21
465.600000
0
LINE
8
Layer 1
10
133.246000
20
465.600000
11
133.428000
21
465.495000
0
LINE
8
Layer 1
10
133.428000
20
465.495000
11
133.552000
21
465.325000
0
LINE
8
Layer 1
10
133.552000
20
465.325000
11
133.595000
21
465.120000
0
LINE
8
Layer 1
10
133.595000
20
465.120000
11
133.552000
21
464.914000
0
LINE
8
Layer 1
10
133.552000
20
464.914000
11
133.428000
21
464.744000
0
LINE
8
Layer 1
10
133.428000
20
464.744000
11
133.246000
21
464.639000
0
LINE
8
Layer 1
10
133.246000
20
464.639000
11
133.037000
21
464.617000
0
LINE
8
Layer 1
10
133.037000
20
464.617000
11
132.837000
21
464.682000
0
LINE
8
Layer 1
10
30.021200
20
463.067000
11
29.865000
21
463.207000
0
LINE
8
Layer 1
10
29.865000
20
463.207000
11
29.779500
21
463.399000
0
LINE
8
Layer 1
10
29.779500
20
463.399000
11
29.779500
21
463.610000
0
LINE
8
Layer 1
10
29.779500
20
463.610000
11
29.865000
21
463.802000
0
LINE
8
Layer 1
10
29.865000
20
463.802000
11
30.021200
21
463.942000
0
LINE
8
Layer 1
10
30.021200
20
463.942000
11
30.221000
21
464.007000
0
LINE
8
Layer 1
10
30.221000
20
464.007000
11
30.430100
21
463.985000
0
LINE
8
Layer 1
10
30.430100
20
463.985000
11
30.612100
21
463.880000
0
LINE
8
Layer 1
10
30.612100
20
463.880000
11
30.735600
21
463.710000
0
LINE
8
Layer 1
10
30.735600
20
463.710000
11
30.779300
21
463.504000
0
LINE
8
Layer 1
10
30.779300
20
463.504000
11
30.735600
21
463.299000
0
LINE
8
Layer 1
10
30.735600
20
463.299000
11
30.612100
21
463.129000
0
LINE
8
Layer 1
10
30.612100
20
463.129000
11
30.430100
21
463.024000
0
LINE
8
Layer 1
10
30.430100
20
463.024000
11
30.221000
21
463.002000
0
LINE
8
Layer 1
10
30.221000
20
463.002000
11
30.021200
21
463.067000
0
LINE
8
Layer 1
10
131.062000
20
463.067000
11
130.906000
21
463.207000
0
LINE
8
Layer 1
10
130.906000
20
463.207000
11
130.820000
21
463.399000
0
LINE
8
Layer 1
10
130.820000
20
463.399000
11
130.820000
21
463.610000
0
LINE
8
Layer 1
10
130.820000
20
463.610000
11
130.906000
21
463.802000
0
LINE
8
Layer 1
10
130.906000
20
463.802000
11
131.062000
21
463.942000
0
LINE
8
Layer 1
10
131.062000
20
463.942000
11
131.262000
21
464.007000
0
LINE
8
Layer 1
10
131.262000
20
464.007000
11
131.471000
21
463.985000
0
LINE
8
Layer 1
10
131.471000
20
463.985000
11
131.653000
21
463.880000
0
LINE
8
Layer 1
10
131.653000
20
463.880000
11
131.777000
21
463.710000
0
LINE
8
Layer 1
10
131.777000
20
463.710000
11
131.820000
21
463.504000
0
LINE
8
Layer 1
10
131.820000
20
463.504000
11
131.777000
21
463.299000
0
LINE
8
Layer 1
10
131.777000
20
463.299000
11
131.653000
21
463.129000
0
LINE
8
Layer 1
10
131.653000
20
463.129000
11
131.471000
21
463.024000
0
LINE
8
Layer 1
10
131.471000
20
463.024000
11
131.262000
21
463.002000
0
LINE
8
Layer 1
10
131.262000
20
463.002000
11
131.062000
21
463.067000
0
LINE
8
Layer 1
10
31.846100
20
461.508000
11
31.689900
21
461.649000
0
LINE
8
Layer 1
10
31.689900
20
461.649000
11
31.604400
21
461.841000
0
LINE
8
Layer 1
10
31.604400
20
461.841000
11
31.604400
21
462.051000
0
LINE
8
Layer 1
10
31.604400
20
462.051000
11
31.689900
21
462.243000
0
LINE
8
Layer 1
10
31.689900
20
462.243000
11
31.846100
21
462.384000
0
LINE
8
Layer 1
10
31.846100
20
462.384000
11
32.045900
21
462.449000
0
LINE
8
Layer 1
10
32.045900
20
462.449000
11
32.255000
21
462.427000
0
LINE
8
Layer 1
10
32.255000
20
462.427000
11
32.437000
21
462.321000
0
LINE
8
Layer 1
10
32.437000
20
462.321000
11
32.560500
21
462.151000
0
LINE
8
Layer 1
10
32.560500
20
462.151000
11
32.604200
21
461.946000
0
LINE
8
Layer 1
10
32.604200
20
461.946000
11
32.560500
21
461.740000
0
LINE
8
Layer 1
10
32.560500
20
461.740000
11
32.437000
21
461.570000
0
LINE
8
Layer 1
10
32.437000
20
461.570000
11
32.255000
21
461.465000
0
LINE
8
Layer 1
10
32.255000
20
461.465000
11
32.045900
21
461.443000
0
LINE
8
Layer 1
10
32.045900
20
461.443000
11
31.846100
21
461.508000
0
LINE
8
Layer 1
10
129.237000
20
461.508000
11
129.081000
21
461.649000
0
LINE
8
Layer 1
10
129.081000
20
461.649000
11
128.996000
21
461.841000
0
LINE
8
Layer 1
10
128.996000
20
461.841000
11
128.996000
21
462.051000
0
LINE
8
Layer 1
10
128.996000
20
462.051000
11
129.081000
21
462.243000
0
LINE
8
Layer 1
10
129.081000
20
462.243000
11
129.237000
21
462.384000
0
LINE
8
Layer 1
10
129.237000
20
462.384000
11
129.437000
21
462.449000
0
LINE
8
Layer 1
10
129.437000
20
462.449000
11
129.646000
21
462.427000
0
LINE
8
Layer 1
10
129.646000
20
462.427000
11
129.828000
21
462.321000
0
LINE
8
Layer 1
10
129.828000
20
462.321000
11
129.952000
21
462.151000
0
LINE
8
Layer 1
10
129.952000
20
462.151000
11
129.995000
21
461.946000
0
LINE
8
Layer 1
10
129.995000
20
461.946000
11
129.952000
21
461.740000
0
LINE
8
Layer 1
10
129.952000
20
461.740000
11
129.828000
21
461.570000
0
LINE
8
Layer 1
10
129.828000
20
461.570000
11
129.646000
21
461.465000
0
LINE
8
Layer 1
10
129.646000
20
461.465000
11
129.437000
21
461.443000
0
LINE
8
Layer 1
10
129.437000
20
461.443000
11
129.237000
21
461.508000
0
LINE
8
Layer 1
10
33.719000
20
460.008000
11
33.562800
21
460.148000
0
LINE
8
Layer 1
10
33.562800
20
460.148000
11
33.477300
21
460.340000
0
LINE
8
Layer 1
10
33.477300
20
460.340000
11
33.477300
21
460.550000
0
LINE
8
Layer 1
10
33.477300
20
460.550000
11
33.562800
21
460.742000
0
LINE
8
Layer 1
10
33.562800
20
460.742000
11
33.719000
21
460.883000
0
LINE
8
Layer 1
10
33.719000
20
460.883000
11
33.918900
21
460.948000
0
LINE
8
Layer 1
10
33.918900
20
460.948000
11
34.127900
21
460.926000
0
LINE
8
Layer 1
10
34.127900
20
460.926000
11
34.309900
21
460.821000
0
LINE
8
Layer 1
10
34.309900
20
460.821000
11
34.433500
21
460.651000
0
LINE
8
Layer 1
10
34.433500
20
460.651000
11
34.477200
21
460.445000
0
LINE
8
Layer 1
10
34.477200
20
460.445000
11
34.433400
21
460.240000
0
LINE
8
Layer 1
10
34.433400
20
460.240000
11
34.310000
21
460.070000
0
LINE
8
Layer 1
10
34.310000
20
460.070000
11
34.127900
21
459.965000
0
LINE
8
Layer 1
10
34.127900
20
459.965000
11
33.918900
21
459.943000
0
LINE
8
Layer 1
10
33.918900
20
459.943000
11
33.719000
21
460.008000
0
LINE
8
Layer 1
10
127.364000
20
460.008000
11
127.208000
21
460.148000
0
LINE
8
Layer 1
10
127.208000
20
460.148000
11
127.123000
21
460.340000
0
LINE
8
Layer 1
10
127.123000
20
460.340000
11
127.123000
21
460.550000
0
LINE
8
Layer 1
10
127.123000
20
460.550000
11
127.208000
21
460.742000
0
LINE
8
Layer 1
10
127.208000
20
460.742000
11
127.364000
21
460.883000
0
LINE
8
Layer 1
10
127.364000
20
460.883000
11
127.564000
21
460.948000
0
LINE
8
Layer 1
10
127.564000
20
460.948000
11
127.773000
21
460.926000
0
LINE
8
Layer 1
10
127.773000
20
460.926000
11
127.955000
21
460.821000
0
LINE
8
Layer 1
10
127.955000
20
460.821000
11
128.079000
21
460.651000
0
LINE
8
Layer 1
10
128.079000
20
460.651000
11
128.122000
21
460.445000
0
LINE
8
Layer 1
10
128.122000
20
460.445000
11
128.079000
21
460.240000
0
LINE
8
Layer 1
10
128.079000
20
460.240000
11
127.955000
21
460.070000
0
LINE
8
Layer 1
10
127.955000
20
460.070000
11
127.773000
21
459.965000
0
LINE
8
Layer 1
10
127.773000
20
459.965000
11
127.564000
21
459.943000
0
LINE
8
Layer 1
10
127.564000
20
459.943000
11
127.364000
21
460.008000
0
LINE
8
Layer 1
10
35.638200
20
458.567000
11
35.482000
21
458.707000
0
LINE
8
Layer 1
10
35.482000
20
458.707000
11
35.396500
21
458.899000
0
LINE
8
Layer 1
10
35.396500
20
458.899000
11
35.396500
21
459.109000
0
LINE
8
Layer 1
10
35.396500
20
459.109000
11
35.482000
21
459.301000
0
LINE
8
Layer 1
10
35.482000
20
459.301000
11
35.638200
21
459.442000
0
LINE
8
Layer 1
10
35.638200
20
459.442000
11
35.838000
21
459.507000
0
LINE
8
Layer 1
10
35.838000
20
459.507000
11
36.047100
21
459.485000
0
LINE
8
Layer 1
10
36.047100
20
459.485000
11
36.229100
21
459.380000
0
LINE
8
Layer 1
10
36.229100
20
459.380000
11
36.352600
21
459.210000
0
LINE
8
Layer 1
10
36.352600
20
459.210000
11
36.396300
21
459.004000
0
LINE
8
Layer 1
10
36.396300
20
459.004000
11
36.352600
21
458.799000
0
LINE
8
Layer 1
10
36.352600
20
458.799000
11
36.229100
21
458.629000
0
LINE
8
Layer 1
10
36.229100
20
458.629000
11
36.047100
21
458.524000
0
LINE
8
Layer 1
10
36.047100
20
458.524000
11
35.838000
21
458.502000
0
LINE
8
Layer 1
10
35.838000
20
458.502000
11
35.638200
21
458.567000
0
LINE
8
Layer 1
10
125.445000
20
458.567000
11
125.289000
21
458.707000
0
LINE
8
Layer 1
10
125.289000
20
458.707000
11
125.203000
21
458.899000
0
LINE
8
Layer 1
10
125.203000
20
458.899000
11
125.203000
21
459.109000
0
LINE
8
Layer 1
10
125.203000
20
459.109000
11
125.289000
21
459.301000
0
LINE
8
Layer 1
10
125.289000
20
459.301000
11
125.445000
21
459.442000
0
LINE
8
Layer 1
10
125.445000
20
459.442000
11
125.645000
21
459.507000
0
LINE
8
Layer 1
10
125.645000
20
459.507000
11
125.854000
21
459.485000
0
LINE
8
Layer 1
10
125.854000
20
459.485000
11
126.036000
21
459.380000
0
LINE
8
Layer 1
10
126.036000
20
459.380000
11
126.160000
21
459.210000
0
LINE
8
Layer 1
10
126.160000
20
459.210000
11
126.203000
21
459.004000
0
LINE
8
Layer 1
10
126.203000
20
459.004000
11
126.160000
21
458.799000
0
LINE
8
Layer 1
10
126.160000
20
458.799000
11
126.036000
21
458.629000
0
LINE
8
Layer 1
10
126.036000
20
458.629000
11
125.854000
21
458.524000
0
LINE
8
Layer 1
10
125.854000
20
458.524000
11
125.645000
21
458.502000
0
LINE
8
Layer 1
10
125.645000
20
458.502000
11
125.445000
21
458.567000
0
LINE
8
Layer 1
10
37.601700
20
457.187000
11
37.445500
21
457.327000
0
LINE
8
Layer 1
10
37.445500
20
457.327000
11
37.360000
21
457.519000
0
LINE
8
Layer 1
10
37.360000
20
457.519000
11
37.360000
21
457.730000
0
LINE
8
Layer 1
10
37.360000
20
457.730000
11
37.445500
21
457.922000
0
LINE
8
Layer 1
10
37.445500
20
457.922000
11
37.601700
21
458.062000
0
LINE
8
Layer 1
10
37.601700
20
458.062000
11
37.801500
21
458.127000
0
LINE
8
Layer 1
10
37.801500
20
458.127000
11
38.010600
21
458.105000
0
LINE
8
Layer 1
10
38.010600
20
458.105000
11
38.192600
21
458.000000
0
LINE
8
Layer 1
10
38.192600
20
458.000000
11
38.316100
21
457.830000
0
LINE
8
Layer 1
10
38.316100
20
457.830000
11
38.359800
21
457.624000
0
LINE
8
Layer 1
10
38.359800
20
457.624000
11
38.316100
21
457.419000
0
LINE
8
Layer 1
10
38.316100
20
457.419000
11
38.192600
21
457.249000
0
LINE
8
Layer 1
10
38.192600
20
457.249000
11
38.010600
21
457.144000
0
LINE
8
Layer 1
10
38.010600
20
457.144000
11
37.801500
21
457.122000
0
LINE
8
Layer 1
10
37.801500
20
457.122000
11
37.601700
21
457.187000
0
LINE
8
Layer 1
10
123.482000
20
457.187000
11
123.325000
21
457.327000
0
LINE
8
Layer 1
10
123.325000
20
457.327000
11
123.240000
21
457.519000
0
LINE
8
Layer 1
10
123.240000
20
457.519000
11
123.240000
21
457.730000
0
LINE
8
Layer 1
10
123.240000
20
457.730000
11
123.325000
21
457.922000
0
LINE
8
Layer 1
10
123.325000
20
457.922000
11
123.482000
21
458.062000
0
LINE
8
Layer 1
10
123.482000
20
458.062000
11
123.682000
21
458.127000
0
LINE
8
Layer 1
10
123.682000
20
458.127000
11
123.891000
21
458.105000
0
LINE
8
Layer 1
10
123.891000
20
458.105000
11
124.073000
21
458.000000
0
LINE
8
Layer 1
10
124.073000
20
458.000000
11
124.196000
21
457.830000
0
LINE
8
Layer 1
10
124.196000
20
457.830000
11
124.240000
21
457.624000
0
LINE
8
Layer 1
10
124.240000
20
457.624000
11
124.196000
21
457.419000
0
LINE
8
Layer 1
10
124.196000
20
457.419000
11
124.073000
21
457.249000
0
LINE
8
Layer 1
10
124.073000
20
457.249000
11
123.891000
21
457.144000
0
LINE
8
Layer 1
10
123.891000
20
457.144000
11
123.682000
21
457.122000
0
LINE
8
Layer 1
10
123.682000
20
457.122000
11
123.482000
21
457.187000
0
LINE
8
Layer 1
10
39.607500
20
455.869000
11
39.451300
21
456.010000
0
LINE
8
Layer 1
10
39.451300
20
456.010000
11
39.365800
21
456.202000
0
LINE
8
Layer 1
10
39.365800
20
456.202000
11
39.365800
21
456.412000
0
LINE
8
Layer 1
10
39.365800
20
456.412000
11
39.451300
21
456.604000
0
LINE
8
Layer 1
10
39.451300
20
456.604000
11
39.607500
21
456.745000
0
LINE
8
Layer 1
10
39.607500
20
456.745000
11
39.807400
21
456.809000
0
LINE
8
Layer 1
10
39.807400
20
456.809000
11
40.016400
21
456.788000
0
LINE
8
Layer 1
10
40.016400
20
456.788000
11
40.198400
21
456.682000
0
LINE
8
Layer 1
10
40.198400
20
456.682000
11
40.321900
21
456.512000
0
LINE
8
Layer 1
10
40.321900
20
456.512000
11
40.365700
21
456.307000
0
LINE
8
Layer 1
10
40.365700
20
456.307000
11
40.321900
21
456.101000
0
LINE
8
Layer 1
10
40.321900
20
456.101000
11
40.198400
21
455.931000
0
LINE
8
Layer 1
10
40.198400
20
455.931000
11
40.016400
21
455.826000
0
LINE
8
Layer 1
10
40.016400
20
455.826000
11
39.807400
21
455.804000
0
LINE
8
Layer 1
10
39.807400
20
455.804000
11
39.607500
21
455.869000
0
LINE
8
Layer 1
10
121.476000
20
455.869000
11
121.320000
21
456.010000
0
LINE
8
Layer 1
10
121.320000
20
456.010000
11
121.234000
21
456.202000
0
LINE
8
Layer 1
10
121.234000
20
456.202000
11
121.234000
21
456.412000
0
LINE
8
Layer 1
10
121.234000
20
456.412000
11
121.320000
21
456.604000
0
LINE
8
Layer 1
10
121.320000
20
456.604000
11
121.476000
21
456.745000
0
LINE
8
Layer 1
10
121.476000
20
456.745000
11
121.676000
21
456.809000
0
LINE
8
Layer 1
10
121.676000
20
456.809000
11
121.885000
21
456.788000
0
LINE
8
Layer 1
10
121.885000
20
456.788000
11
122.067000
21
456.682000
0
LINE
8
Layer 1
10
122.067000
20
456.682000
11
122.190000
21
456.512000
0
LINE
8
Layer 1
10
122.190000
20
456.512000
11
122.234000
21
456.307000
0
LINE
8
Layer 1
10
122.234000
20
456.307000
11
122.190000
21
456.101000
0
LINE
8
Layer 1
10
122.190000
20
456.101000
11
122.067000
21
455.931000
0
LINE
8
Layer 1
10
122.067000
20
455.931000
11
121.885000
21
455.826000
0
LINE
8
Layer 1
10
121.885000
20
455.826000
11
121.676000
21
455.804000
0
LINE
8
Layer 1
10
121.676000
20
455.804000
11
121.476000
21
455.869000
0
LINE
8
Layer 1
10
41.653800
20
454.615000
11
41.497600
21
454.756000
0
LINE
8
Layer 1
10
41.497600
20
454.756000
11
41.412100
21
454.948000
0
LINE
8
Layer 1
10
41.412100
20
454.948000
11
41.412100
21
455.158000
0
LINE
8
Layer 1
10
41.412100
20
455.158000
11
41.497600
21
455.350000
0
LINE
8
Layer 1
10
41.497600
20
455.350000
11
41.653800
21
455.491000
0
LINE
8
Layer 1
10
41.653800
20
455.491000
11
41.853600
21
455.556000
0
LINE
8
Layer 1
10
41.853600
20
455.556000
11
42.062700
21
455.534000
0
LINE
8
Layer 1
10
42.062700
20
455.534000
11
42.244700
21
455.428000
0
LINE
8
Layer 1
10
42.244700
20
455.428000
11
42.368200
21
455.258000
0
LINE
8
Layer 1
10
42.368200
20
455.258000
11
42.411900
21
455.053000
0
LINE
8
Layer 1
10
42.411900
20
455.053000
11
42.368200
21
454.847000
0
LINE
8
Layer 1
10
42.368200
20
454.847000
11
42.244700
21
454.677000
0
LINE
8
Layer 1
10
42.244700
20
454.677000
11
42.062700
21
454.572000
0
LINE
8
Layer 1
10
42.062700
20
454.572000
11
41.853600
21
454.550000
0
LINE
8
Layer 1
10
41.853600
20
454.550000
11
41.653800
21
454.615000
0
LINE
8
Layer 1
10
119.430000
20
454.615000
11
119.273000
21
454.756000
0
LINE
8
Layer 1
10
119.273000
20
454.756000
11
119.188000
21
454.948000
0
LINE
8
Layer 1
10
119.188000
20
454.948000
11
119.188000
21
455.158000
0
LINE
8
Layer 1
10
119.188000
20
455.158000
11
119.273000
21
455.350000
0
LINE
8
Layer 1
10
119.273000
20
455.350000
11
119.430000
21
455.491000
0
LINE
8
Layer 1
10
119.430000
20
455.491000
11
119.629000
21
455.556000
0
LINE
8
Layer 1
10
119.629000
20
455.556000
11
119.838000
21
455.534000
0
LINE
8
Layer 1
10
119.838000
20
455.534000
11
120.020000
21
455.428000
0
LINE
8
Layer 1
10
120.020000
20
455.428000
11
120.144000
21
455.258000
0
LINE
8
Layer 1
10
120.144000
20
455.258000
11
120.188000
21
455.053000
0
LINE
8
Layer 1
10
120.188000
20
455.053000
11
120.144000
21
454.847000
0
LINE
8
Layer 1
10
120.144000
20
454.847000
11
120.020000
21
454.677000
0
LINE
8
Layer 1
10
120.020000
20
454.677000
11
119.838000
21
454.572000
0
LINE
8
Layer 1
10
119.838000
20
454.572000
11
119.629000
21
454.550000
0
LINE
8
Layer 1
10
119.629000
20
454.550000
11
119.430000
21
454.615000
0
LINE
8
Layer 1
10
43.738400
20
453.426000
11
43.582200
21
453.567000
0
LINE
8
Layer 1
10
43.582200
20
453.567000
11
43.496700
21
453.759000
0
LINE
8
Layer 1
10
43.496700
20
453.759000
11
43.496700
21
453.969000
0
LINE
8
Layer 1
10
43.496700
20
453.969000
11
43.582200
21
454.161000
0
LINE
8
Layer 1
10
43.582200
20
454.161000
11
43.738400
21
454.302000
0
LINE
8
Layer 1
10
43.738400
20
454.302000
11
43.938200
21
454.367000
0
LINE
8
Layer 1
10
43.938200
20
454.367000
11
44.147300
21
454.345000
0
LINE
8
Layer 1
10
44.147300
20
454.345000
11
44.329300
21
454.239000
0
LINE
8
Layer 1
10
44.329300
20
454.239000
11
44.452800
21
454.069000
0
LINE
8
Layer 1
10
44.452800
20
454.069000
11
44.496500
21
453.864000
0
LINE
8
Layer 1
10
44.496500
20
453.864000
11
44.452800
21
453.658000
0
LINE
8
Layer 1
10
44.452800
20
453.658000
11
44.329300
21
453.488000
0
LINE
8
Layer 1
10
44.329300
20
453.488000
11
44.147300
21
453.383000
0
LINE
8
Layer 1
10
44.147300
20
453.383000
11
43.938200
21
453.361000
0
LINE
8
Layer 1
10
43.938200
20
453.361000
11
43.738400
21
453.426000
0
LINE
8
Layer 1
10
117.345000
20
453.426000
11
117.189000
21
453.567000
0
LINE
8
Layer 1
10
117.189000
20
453.567000
11
117.103000
21
453.759000
0
LINE
8
Layer 1
10
117.103000
20
453.759000
11
117.103000
21
453.969000
0
LINE
8
Layer 1
10
117.103000
20
453.969000
11
117.189000
21
454.161000
0
LINE
8
Layer 1
10
117.189000
20
454.161000
11
117.345000
21
454.302000
0
LINE
8
Layer 1
10
117.345000
20
454.302000
11
117.545000
21
454.367000
0
LINE
8
Layer 1
10
117.545000
20
454.367000
11
117.754000
21
454.345000
0
LINE
8
Layer 1
10
117.754000
20
454.345000
11
117.936000
21
454.239000
0
LINE
8
Layer 1
10
117.936000
20
454.239000
11
118.059000
21
454.069000
0
LINE
8
Layer 1
10
118.059000
20
454.069000
11
118.103000
21
453.864000
0
LINE
8
Layer 1
10
118.103000
20
453.864000
11
118.059000
21
453.658000
0
LINE
8
Layer 1
10
118.059000
20
453.658000
11
117.936000
21
453.488000
0
LINE
8
Layer 1
10
117.936000
20
453.488000
11
117.754000
21
453.383000
0
LINE
8
Layer 1
10
117.754000
20
453.383000
11
117.545000
21
453.361000
0
LINE
8
Layer 1
10
117.545000
20
453.361000
11
117.345000
21
453.426000
0
LINE
8
Layer 1
10
45.859300
20
452.303000
11
45.703200
21
452.444000
0
LINE
8
Layer 1
10
45.703200
20
452.444000
11
45.617700
21
452.636000
0
LINE
8
Layer 1
10
45.617700
20
452.636000
11
45.617700
21
452.846000
0
LINE
8
Layer 1
10
45.617700
20
452.846000
11
45.703200
21
453.038000
0
LINE
8
Layer 1
10
45.703200
20
453.038000
11
45.859300
21
453.179000
0
LINE
8
Layer 1
10
45.859300
20
453.179000
11
46.059200
21
453.244000
0
LINE
8
Layer 1
10
46.059200
20
453.244000
11
46.268200
21
453.222000
0
LINE
8
Layer 1
10
46.268200
20
453.222000
11
46.450300
21
453.116000
0
LINE
8
Layer 1
10
46.450300
20
453.116000
11
46.573800
21
452.946000
0
LINE
8
Layer 1
10
46.573800
20
452.946000
11
46.617500
21
452.741000
0
LINE
8
Layer 1
10
46.617500
20
452.741000
11
46.573800
21
452.535000
0
LINE
8
Layer 1
10
46.573800
20
452.535000
11
46.450300
21
452.365000
0
LINE
8
Layer 1
10
46.450300
20
452.365000
11
46.268200
21
452.260000
0
LINE
8
Layer 1
10
46.268200
20
452.260000
11
46.059200
21
452.238000
0
LINE
8
Layer 1
10
46.059200
20
452.238000
11
45.859300
21
452.303000
0
LINE
8
Layer 1
10
115.224000
20
452.303000
11
115.068000
21
452.444000
0
LINE
8
Layer 1
10
115.068000
20
452.444000
11
114.982000
21
452.636000
0
LINE
8
Layer 1
10
114.982000
20
452.636000
11
114.982000
21
452.846000
0
LINE
8
Layer 1
10
114.982000
20
452.846000
11
115.068000
21
453.038000
0
LINE
8
Layer 1
10
115.068000
20
453.038000
11
115.224000
21
453.179000
0
LINE
8
Layer 1
10
115.224000
20
453.179000
11
115.424000
21
453.244000
0
LINE
8
Layer 1
10
115.424000
20
453.244000
11
115.633000
21
453.222000
0
LINE
8
Layer 1
10
115.633000
20
453.222000
11
115.815000
21
453.116000
0
LINE
8
Layer 1
10
115.815000
20
453.116000
11
115.938000
21
452.946000
0
LINE
8
Layer 1
10
115.938000
20
452.946000
11
115.982000
21
452.741000
0
LINE
8
Layer 1
10
115.982000
20
452.741000
11
115.938000
21
452.535000
0
LINE
8
Layer 1
10
115.938000
20
452.535000
11
115.815000
21
452.365000
0
LINE
8
Layer 1
10
115.815000
20
452.365000
11
115.633000
21
452.260000
0
LINE
8
Layer 1
10
115.633000
20
452.260000
11
115.424000
21
452.238000
0
LINE
8
Layer 1
10
115.424000
20
452.238000
11
115.224000
21
452.303000
0
LINE
8
Layer 1
10
48.014500
20
451.247000
11
47.858300
21
451.388000
0
LINE
8
Layer 1
10
47.858300
20
451.388000
11
47.772800
21
451.580000
0
LINE
8
Layer 1
10
47.772800
20
451.580000
11
47.772800
21
451.790000
0
LINE
8
Layer 1
10
47.772800
20
451.790000
11
47.858300
21
451.982000
0
LINE
8
Layer 1
10
47.858300
20
451.982000
11
48.014500
21
452.123000
0
LINE
8
Layer 1
10
48.014500
20
452.123000
11
48.214400
21
452.188000
0
LINE
8
Layer 1
10
48.214400
20
452.188000
11
48.423400
21
452.166000
0
LINE
8
Layer 1
10
48.423400
20
452.166000
11
48.605500
21
452.061000
0
LINE
8
Layer 1
10
48.605500
20
452.061000
11
48.729000
21
451.891000
0
LINE
8
Layer 1
10
48.729000
20
451.891000
11
48.772700
21
451.685000
0
LINE
8
Layer 1
10
48.772700
20
451.685000
11
48.729000
21
451.479000
0
LINE
8
Layer 1
10
48.729000
20
451.479000
11
48.605500
21
451.309000
0
LINE
8
Layer 1
10
48.605500
20
451.309000
11
48.423400
21
451.204000
0
LINE
8
Layer 1
10
48.423400
20
451.204000
11
48.214400
21
451.182000
0
LINE
8
Layer 1
10
48.214400
20
451.182000
11
48.014500
21
451.247000
0
LINE
8
Layer 1
10
113.069000
20
451.247000
11
112.913000
21
451.388000
0
LINE
8
Layer 1
10
112.913000
20
451.388000
11
112.827000
21
451.580000
0
LINE
8
Layer 1
10
112.827000
20
451.580000
11
112.827000
21
451.790000
0
LINE
8
Layer 1
10
112.827000
20
451.790000
11
112.913000
21
451.982000
0
LINE
8
Layer 1
10
112.913000
20
451.982000
11
113.069000
21
452.123000
0
LINE
8
Layer 1
10
113.069000
20
452.123000
11
113.269000
21
452.188000
0
LINE
8
Layer 1
10
113.269000
20
452.188000
11
113.478000
21
452.166000
0
LINE
8
Layer 1
10
113.478000
20
452.166000
11
113.660000
21
452.061000
0
LINE
8
Layer 1
10
113.660000
20
452.061000
11
113.783000
21
451.891000
0
LINE
8
Layer 1
10
113.783000
20
451.891000
11
113.827000
21
451.685000
0
LINE
8
Layer 1
10
113.827000
20
451.685000
11
113.783000
21
451.479000
0
LINE
8
Layer 1
10
113.783000
20
451.479000
11
113.660000
21
451.309000
0
LINE
8
Layer 1
10
113.660000
20
451.309000
11
113.478000
21
451.204000
0
LINE
8
Layer 1
10
113.478000
20
451.204000
11
113.269000
21
451.182000
0
LINE
8
Layer 1
10
113.269000
20
451.182000
11
113.069000
21
451.247000
0
LINE
8
Layer 1
10
50.201800
20
450.260000
11
50.045600
21
450.400000
0
LINE
8
Layer 1
10
50.045600
20
450.400000
11
49.960100
21
450.592000
0
LINE
8
Layer 1
10
49.960100
20
450.592000
11
49.960100
21
450.803000
0
LINE
8
Layer 1
10
49.960100
20
450.803000
11
50.045600
21
450.995000
0
LINE
8
Layer 1
10
50.045600
20
450.995000
11
50.201800
21
451.135000
0
LINE
8
Layer 1
10
50.201800
20
451.135000
11
50.401700
21
451.200000
0
LINE
8
Layer 1
10
50.401700
20
451.200000
11
50.610700
21
451.178000
0
LINE
8
Layer 1
10
50.610700
20
451.178000
11
50.792700
21
451.073000
0
LINE
8
Layer 1
10
50.792700
20
451.073000
11
50.916200
21
450.903000
0
LINE
8
Layer 1
10
50.916200
20
450.903000
11
50.959900
21
450.697000
0
LINE
8
Layer 1
10
50.959900
20
450.697000
11
50.916200
21
450.492000
0
LINE
8
Layer 1
10
50.916200
20
450.492000
11
50.792700
21
450.322000
0
LINE
8
Layer 1
10
50.792700
20
450.322000
11
50.610700
21
450.217000
0
LINE
8
Layer 1
10
50.610700
20
450.217000
11
50.401700
21
450.195000
0
LINE
8
Layer 1
10
50.401700
20
450.195000
11
50.201800
21
450.260000
0
LINE
8
Layer 1
10
110.882000
20
450.260000
11
110.725000
21
450.400000
0
LINE
8
Layer 1
10
110.725000
20
450.400000
11
110.640000
21
450.592000
0
LINE
8
Layer 1
10
110.640000
20
450.592000
11
110.640000
21
450.803000
0
LINE
8
Layer 1
10
110.640000
20
450.803000
11
110.725000
21
450.995000
0
LINE
8
Layer 1
10
110.725000
20
450.995000
11
110.882000
21
451.135000
0
LINE
8
Layer 1
10
110.882000
20
451.135000
11
111.081000
21
451.200000
0
LINE
8
Layer 1
10
111.081000
20
451.200000
11
111.290000
21
451.178000
0
LINE
8
Layer 1
10
111.290000
20
451.178000
11
111.472000
21
451.073000
0
LINE
8
Layer 1
10
111.472000
20
451.073000
11
111.596000
21
450.903000
0
LINE
8
Layer 1
10
111.596000
20
450.903000
11
111.640000
21
450.697000
0
LINE
8
Layer 1
10
111.640000
20
450.697000
11
111.596000
21
450.492000
0
LINE
8
Layer 1
10
111.596000
20
450.492000
11
111.472000
21
450.322000
0
LINE
8
Layer 1
10
111.472000
20
450.322000
11
111.290000
21
450.217000
0
LINE
8
Layer 1
10
111.290000
20
450.217000
11
111.081000
21
450.195000
0
LINE
8
Layer 1
10
111.081000
20
450.195000
11
110.882000
21
450.260000
0
LINE
8
Layer 1
10
52.419000
20
449.341000
11
52.262800
21
449.482000
0
LINE
8
Layer 1
10
52.262800
20
449.482000
11
52.177400
21
449.674000
0
LINE
8
Layer 1
10
52.177400
20
449.674000
11
52.177400
21
449.884000
0
LINE
8
Layer 1
10
52.177400
20
449.884000
11
52.262800
21
450.076000
0
LINE
8
Layer 1
10
52.262800
20
450.076000
11
52.419000
21
450.217000
0
LINE
8
Layer 1
10
52.419000
20
450.217000
11
52.618900
21
450.282000
0
LINE
8
Layer 1
10
52.618900
20
450.282000
11
52.827900
21
450.260000
0
LINE
8
Layer 1
10
52.827900
20
450.260000
11
53.009900
21
450.155000
0
LINE
8
Layer 1
10
53.009900
20
450.155000
11
53.133500
21
449.985000
0
LINE
8
Layer 1
10
53.133500
20
449.985000
11
53.177200
21
449.779000
0
LINE
8
Layer 1
10
53.177200
20
449.779000
11
53.133500
21
449.573000
0
LINE
8
Layer 1
10
53.133500
20
449.573000
11
53.009900
21
449.403000
0
LINE
8
Layer 1
10
53.009900
20
449.403000
11
52.827900
21
449.298000
0
LINE
8
Layer 1
10
52.827900
20
449.298000
11
52.618900
21
449.276000
0
LINE
8
Layer 1
10
52.618900
20
449.276000
11
52.419000
21
449.341000
0
LINE
8
Layer 1
10
108.664000
20
449.341000
11
108.508000
21
449.482000
0
LINE
8
Layer 1
10
108.508000
20
449.482000
11
108.423000
21
449.674000
0
LINE
8
Layer 1
10
108.423000
20
449.674000
11
108.423000
21
449.884000
0
LINE
8
Layer 1
10
108.423000
20
449.884000
11
108.508000
21
450.076000
0
LINE
8
Layer 1
10
108.508000
20
450.076000
11
108.664000
21
450.217000
0
LINE
8
Layer 1
10
108.664000
20
450.217000
11
108.864000
21
450.282000
0
LINE
8
Layer 1
10
108.864000
20
450.282000
11
109.073000
21
450.260000
0
LINE
8
Layer 1
10
109.073000
20
450.260000
11
109.255000
21
450.155000
0
LINE
8
Layer 1
10
109.255000
20
450.155000
11
109.379000
21
449.985000
0
LINE
8
Layer 1
10
109.379000
20
449.985000
11
109.422000
21
449.779000
0
LINE
8
Layer 1
10
109.422000
20
449.779000
11
109.379000
21
449.573000
0
LINE
8
Layer 1
10
109.379000
20
449.573000
11
109.255000
21
449.403000
0
LINE
8
Layer 1
10
109.255000
20
449.403000
11
109.073000
21
449.298000
0
LINE
8
Layer 1
10
109.073000
20
449.298000
11
108.864000
21
449.276000
0
LINE
8
Layer 1
10
108.864000
20
449.276000
11
108.664000
21
449.341000
0
LINE
8
Layer 1
10
54.664000
20
448.493000
11
54.507800
21
448.634000
0
LINE
8
Layer 1
10
54.507800
20
448.634000
11
54.422300
21
448.826000
0
LINE
8
Layer 1
10
54.422300
20
448.826000
11
54.422300
21
449.036000
0
LINE
8
Layer 1
10
54.422300
20
449.036000
11
54.507800
21
449.228000
0
LINE
8
Layer 1
10
54.507800
20
449.228000
11
54.664000
21
449.368000
0
LINE
8
Layer 1
10
54.664000
20
449.368000
11
54.863800
21
449.433000
0
LINE
8
Layer 1
10
54.863800
20
449.433000
11
55.072900
21
449.411000
0
LINE
8
Layer 1
10
55.072900
20
449.411000
11
55.254900
21
449.306000
0
LINE
8
Layer 1
10
55.254900
20
449.306000
11
55.378400
21
449.136000
0
LINE
8
Layer 1
10
55.378400
20
449.136000
11
55.422100
21
448.931000
0
LINE
8
Layer 1
10
55.422100
20
448.931000
11
55.378400
21
448.725000
0
LINE
8
Layer 1
10
55.378400
20
448.725000
11
55.254900
21
448.555000
0
LINE
8
Layer 1
10
55.254900
20
448.555000
11
55.072900
21
448.450000
0
LINE
8
Layer 1
10
55.072900
20
448.450000
11
54.863800
21
448.428000
0
LINE
8
Layer 1
10
54.863800
20
448.428000
11
54.664000
21
448.493000
0
LINE
8
Layer 1
10
106.419000
20
448.493000
11
106.263000
21
448.634000
0
LINE
8
Layer 1
10
106.263000
20
448.634000
11
106.178000
21
448.826000
0
LINE
8
Layer 1
10
106.178000
20
448.826000
11
106.178000
21
449.036000
0
LINE
8
Layer 1
10
106.178000
20
449.036000
11
106.263000
21
449.228000
0
LINE
8
Layer 1
10
106.263000
20
449.228000
11
106.419000
21
449.368000
0
LINE
8
Layer 1
10
106.419000
20
449.368000
11
106.619000
21
449.433000
0
LINE
8
Layer 1
10
106.619000
20
449.433000
11
106.828000
21
449.411000
0
LINE
8
Layer 1
10
106.828000
20
449.411000
11
107.010000
21
449.306000
0
LINE
8
Layer 1
10
107.010000
20
449.306000
11
107.134000
21
449.136000
0
LINE
8
Layer 1
10
107.134000
20
449.136000
11
107.177000
21
448.931000
0
LINE
8
Layer 1
10
107.177000
20
448.931000
11
107.134000
21
448.725000
0
LINE
8
Layer 1
10
107.134000
20
448.725000
11
107.010000
21
448.555000
0
LINE
8
Layer 1
10
107.010000
20
448.555000
11
106.828000
21
448.450000
0
LINE
8
Layer 1
10
106.828000
20
448.450000
11
106.619000
21
448.428000
0
LINE
8
Layer 1
10
106.619000
20
448.428000
11
106.419000
21
448.493000
0
LINE
8
Layer 1
10
56.934500
20
447.716000
11
56.778300
21
447.856000
0
LINE
8
Layer 1
10
56.778300
20
447.856000
11
56.692800
21
448.048000
0
LINE
8
Layer 1
10
56.692800
20
448.048000
11
56.692800
21
448.258000
0
LINE
8
Layer 1
10
56.692800
20
448.258000
11
56.778300
21
448.450000
0
LINE
8
Layer 1
10
56.778300
20
448.450000
11
56.934500
21
448.591000
0
LINE
8
Layer 1
10
56.934500
20
448.591000
11
57.134400
21
448.656000
0
LINE
8
Layer 1
10
57.134400
20
448.656000
11
57.343400
21
448.634000
0
LINE
8
Layer 1
10
57.343400
20
448.634000
11
57.525400
21
448.529000
0
LINE
8
Layer 1
10
57.525400
20
448.529000
11
57.649000
21
448.359000
0
LINE
8
Layer 1
10
57.649000
20
448.359000
11
57.692600
21
448.153000
0
LINE
8
Layer 1
10
57.692600
20
448.153000
11
57.649000
21
447.948000
0
LINE
8
Layer 1
10
57.649000
20
447.948000
11
57.525400
21
447.778000
0
LINE
8
Layer 1
10
57.525400
20
447.778000
11
57.343400
21
447.673000
0
LINE
8
Layer 1
10
57.343400
20
447.673000
11
57.134400
21
447.651000
0
LINE
8
Layer 1
10
57.134400
20
447.651000
11
56.934500
21
447.716000
0
LINE
8
Layer 1
10
104.149000
20
447.716000
11
103.993000
21
447.856000
0
LINE
8
Layer 1
10
103.993000
20
447.856000
11
103.907000
21
448.048000
0
LINE
8
Layer 1
10
103.907000
20
448.048000
11
103.907000
21
448.258000
0
LINE
8
Layer 1
10
103.907000
20
448.258000
11
103.993000
21
448.450000
0
LINE
8
Layer 1
10
103.993000
20
448.450000
11
104.149000
21
448.591000
0
LINE
8
Layer 1
10
104.149000
20
448.591000
11
104.349000
21
448.656000
0
LINE
8
Layer 1
10
104.349000
20
448.656000
11
104.558000
21
448.634000
0
LINE
8
Layer 1
10
104.558000
20
448.634000
11
104.740000
21
448.529000
0
LINE
8
Layer 1
10
104.740000
20
448.529000
11
104.863000
21
448.359000
0
LINE
8
Layer 1
10
104.863000
20
448.359000
11
104.907000
21
448.153000
0
LINE
8
Layer 1
10
104.907000
20
448.153000
11
104.863000
21
447.948000
0
LINE
8
Layer 1
10
104.863000
20
447.948000
11
104.740000
21
447.778000
0
LINE
8
Layer 1
10
104.740000
20
447.778000
11
104.558000
21
447.673000
0
LINE
8
Layer 1
10
104.558000
20
447.673000
11
104.349000
21
447.651000
0
LINE
8
Layer 1
10
104.349000
20
447.651000
11
104.149000
21
447.716000
0
LINE
8
Layer 1
10
59.228300
20
447.010000
11
59.072100
21
447.151000
0
LINE
8
Layer 1
10
59.072100
20
447.151000
11
58.986600
21
447.343000
0
LINE
8
Layer 1
10
58.986600
20
447.343000
11
58.986600
21
447.553000
0
LINE
8
Layer 1
10
58.986600
20
447.553000
11
59.072100
21
447.745000
0
LINE
8
Layer 1
10
59.072100
20
447.745000
11
59.228300
21
447.885000
0
LINE
8
Layer 1
10
59.228300
20
447.885000
11
59.428200
21
447.950000
0
LINE
8
Layer 1
10
59.428200
20
447.950000
11
59.637200
21
447.928000
0
LINE
8
Layer 1
10
59.637200
20
447.928000
11
59.819200
21
447.823000
0
LINE
8
Layer 1
10
59.819200
20
447.823000
11
59.942800
21
447.653000
0
LINE
8
Layer 1
10
59.942800
20
447.653000
11
59.986500
21
447.448000
0
LINE
8
Layer 1
10
59.986500
20
447.448000
11
59.942800
21
447.242000
0
LINE
8
Layer 1
10
59.942800
20
447.242000
11
59.819200
21
447.072000
0
LINE
8
Layer 1
10
59.819200
20
447.072000
11
59.637200
21
446.967000
0
LINE
8
Layer 1
10
59.637200
20
446.967000
11
59.428200
21
446.945000
0
LINE
8
Layer 1
10
59.428200
20
446.945000
11
59.228300
21
447.010000
0
LINE
8
Layer 1
10
101.855000
20
447.010000
11
101.699000
21
447.151000
0
LINE
8
Layer 1
10
101.699000
20
447.151000
11
101.613000
21
447.343000
0
LINE
8
Layer 1
10
101.613000
20
447.343000
11
101.613000
21
447.553000
0
LINE
8
Layer 1
10
101.613000
20
447.553000
11
101.699000
21
447.745000
0
LINE
8
Layer 1
10
101.699000
20
447.745000
11
101.855000
21
447.885000
0
LINE
8
Layer 1
10
101.855000
20
447.885000
11
102.055000
21
447.950000
0
LINE
8
Layer 1
10
102.055000
20
447.950000
11
102.264000
21
447.928000
0
LINE
8
Layer 1
10
102.264000
20
447.928000
11
102.446000
21
447.823000
0
LINE
8
Layer 1
10
102.446000
20
447.823000
11
102.569000
21
447.653000
0
LINE
8
Layer 1
10
102.569000
20
447.653000
11
102.613000
21
447.448000
0
LINE
8
Layer 1
10
102.613000
20
447.448000
11
102.569000
21
447.242000
0
LINE
8
Layer 1
10
102.569000
20
447.242000
11
102.446000
21
447.072000
0
LINE
8
Layer 1
10
102.446000
20
447.072000
11
102.264000
21
446.967000
0
LINE
8
Layer 1
10
102.264000
20
446.967000
11
102.055000
21
446.945000
0
LINE
8
Layer 1
10
102.055000
20
446.945000
11
101.855000
21
447.010000
0
LINE
8
Layer 1
10
61.543200
20
446.377000
11
61.387000
21
446.517000
0
LINE
8
Layer 1
10
61.387000
20
446.517000
11
61.301500
21
446.709000
0
LINE
8
Layer 1
10
61.301500
20
446.709000
11
61.301500
21
446.920000
0
LINE
8
Layer 1
10
61.301500
20
446.920000
11
61.387000
21
447.112000
0
LINE
8
Layer 1
10
61.387000
20
447.112000
11
61.543200
21
447.252000
0
LINE
8
Layer 1
10
61.543200
20
447.252000
11
61.743000
21
447.317000
0
LINE
8
Layer 1
10
61.743000
20
447.317000
11
61.952100
21
447.295000
0
LINE
8
Layer 1
10
61.952100
20
447.295000
11
62.134100
21
447.190000
0
LINE
8
Layer 1
10
62.134100
20
447.190000
11
62.257600
21
447.020000
0
LINE
8
Layer 1
10
62.257600
20
447.020000
11
62.301300
21
446.814000
0
LINE
8
Layer 1
10
62.301300
20
446.814000
11
62.257600
21
446.609000
0
LINE
8
Layer 1
10
62.257600
20
446.609000
11
62.134100
21
446.439000
0
LINE
8
Layer 1
10
62.134100
20
446.439000
11
61.952100
21
446.334000
0
LINE
8
Layer 1
10
61.952100
20
446.334000
11
61.743000
21
446.312000
0
LINE
8
Layer 1
10
61.743000
20
446.312000
11
61.543200
21
446.377000
0
LINE
8
Layer 1
10
99.540200
20
446.377000
11
99.384000
21
446.517000
0
LINE
8
Layer 1
10
99.384000
20
446.517000
11
99.298500
21
446.709000
0
LINE
8
Layer 1
10
99.298500
20
446.709000
11
99.298500
21
446.920000
0
LINE
8
Layer 1
10
99.298500
20
446.920000
11
99.384000
21
447.112000
0
LINE
8
Layer 1
10
99.384000
20
447.112000
11
99.540200
21
447.252000
0
LINE
8
Layer 1
10
99.540200
20
447.252000
11
99.740000
21
447.317000
0
LINE
8
Layer 1
10
99.740000
20
447.317000
11
99.949100
21
447.295000
0
LINE
8
Layer 1
10
99.949100
20
447.295000
11
100.131000
21
447.190000
0
LINE
8
Layer 1
10
100.131000
20
447.190000
11
100.255000
21
447.020000
0
LINE
8
Layer 1
10
100.255000
20
447.020000
11
100.298000
21
446.814000
0
LINE
8
Layer 1
10
100.298000
20
446.814000
11
100.255000
21
446.609000
0
LINE
8
Layer 1
10
100.255000
20
446.609000
11
100.131000
21
446.439000
0
LINE
8
Layer 1
10
100.131000
20
446.439000
11
99.949100
21
446.334000
0
LINE
8
Layer 1
10
99.949100
20
446.334000
11
99.740000
21
446.312000
0
LINE
8
Layer 1
10
99.740000
20
446.312000
11
99.540200
21
446.377000
0
LINE
8
Layer 1
10
63.876800
20
445.816000
11
63.720600
21
445.957000
0
LINE
8
Layer 1
10
63.720600
20
445.957000
11
63.635100
21
446.149000
0
LINE
8
Layer 1
10
63.635100
20
446.149000
11
63.635100
21
446.359000
0
LINE
8
Layer 1
10
63.635100
20
446.359000
11
63.720600
21
446.551000
0
LINE
8
Layer 1
10
63.720600
20
446.551000
11
63.876800
21
446.692000
0
LINE
8
Layer 1
10
63.876800
20
446.692000
11
64.076600
21
446.757000
0
LINE
8
Layer 1
10
64.076600
20
446.757000
11
64.285700
21
446.735000
0
LINE
8
Layer 1
10
64.285700
20
446.735000
11
64.467700
21
446.630000
0
LINE
8
Layer 1
10
64.467700
20
446.630000
11
64.591200
21
446.460000
0
LINE
8
Layer 1
10
64.591200
20
446.460000
11
64.634900
21
446.254000
0
LINE
8
Layer 1
10
64.634900
20
446.254000
11
64.591200
21
446.049000
0
LINE
8
Layer 1
10
64.591200
20
446.049000
11
64.467700
21
445.879000
0
LINE
8
Layer 1
10
64.467700
20
445.879000
11
64.285700
21
445.773000
0
LINE
8
Layer 1
10
64.285700
20
445.773000
11
64.076600
21
445.752000
0
LINE
8
Layer 1
10
64.076600
20
445.752000
11
63.876800
21
445.816000
0
LINE
8
Layer 1
10
97.206600
20
445.816000
11
97.050400
21
445.957000
0
LINE
8
Layer 1
10
97.050400
20
445.957000
11
96.964900
21
446.149000
0
LINE
8
Layer 1
10
96.964900
20
446.149000
11
96.964900
21
446.359000
0
LINE
8
Layer 1
10
96.964900
20
446.359000
11
97.050400
21
446.551000
0
LINE
8
Layer 1
10
97.050400
20
446.551000
11
97.206600
21
446.692000
0
LINE
8
Layer 1
10
97.206600
20
446.692000
11
97.406400
21
446.757000
0
LINE
8
Layer 1
10
97.406400
20
446.757000
11
97.615500
21
446.735000
0
LINE
8
Layer 1
10
97.615500
20
446.735000
11
97.797500
21
446.630000
0
LINE
8
Layer 1
10
97.797500
20
446.630000
11
97.921000
21
446.460000
0
LINE
8
Layer 1
10
97.921000
20
446.460000
11
97.964700
21
446.254000
0
LINE
8
Layer 1
10
97.964700
20
446.254000
11
97.921000
21
446.049000
0
LINE
8
Layer 1
10
97.921000
20
446.049000
11
97.797500
21
445.879000
0
LINE
8
Layer 1
10
97.797500
20
445.879000
11
97.615500
21
445.773000
0
LINE
8
Layer 1
10
97.615500
20
445.773000
11
97.406400
21
445.752000
0
LINE
8
Layer 1
10
97.406400
20
445.752000
11
97.206600
21
445.816000
0
LINE
8
Layer 1
10
66.226800
20
445.330000
11
66.070600
21
445.470000
0
LINE
8
Layer 1
10
66.070600
20
445.470000
11
65.985100
21
445.662000
0
LINE
8
Layer 1
10
65.985100
20
445.662000
11
65.985100
21
445.873000
0
LINE
8
Layer 1
10
65.985100
20
445.873000
11
66.070600
21
446.065000
0
LINE
8
Layer 1
10
66.070600
20
446.065000
11
66.226800
21
446.205000
0
LINE
8
Layer 1
10
66.226800
20
446.205000
11
66.426600
21
446.270000
0
LINE
8
Layer 1
10
66.426600
20
446.270000
11
66.635700
21
446.248000
0
LINE
8
Layer 1
10
66.635700
20
446.248000
11
66.817700
21
446.143000
0
LINE
8
Layer 1
10
66.817700
20
446.143000
11
66.941200
21
445.973000
0
LINE
8
Layer 1
10
66.941200
20
445.973000
11
66.984900
21
445.768000
0
LINE
8
Layer 1
10
66.984900
20
445.768000
11
66.941200
21
445.562000
0
LINE
8
Layer 1
10
66.941200
20
445.562000
11
66.817700
21
445.392000
0
LINE
8
Layer 1
10
66.817700
20
445.392000
11
66.635700
21
445.287000
0
LINE
8
Layer 1
10
66.635700
20
445.287000
11
66.426600
21
445.265000
0
LINE
8
Layer 1
10
66.426600
20
445.265000
11
66.226800
21
445.330000
0
LINE
8
Layer 1
10
94.856500
20
445.330000
11
94.700300
21
445.470000
0
LINE
8
Layer 1
10
94.700300
20
445.470000
11
94.614900
21
445.662000
0
LINE
8
Layer 1
10
94.614900
20
445.662000
11
94.614900
21
445.873000
0
LINE
8
Layer 1
10
94.614900
20
445.873000
11
94.700300
21
446.065000
0
LINE
8
Layer 1
10
94.700300
20
446.065000
11
94.856500
21
446.205000
0
LINE
8
Layer 1
10
94.856500
20
446.205000
11
95.056400
21
446.270000
0
LINE
8
Layer 1
10
95.056400
20
446.270000
11
95.265400
21
446.248000
0
LINE
8
Layer 1
10
95.265400
20
446.248000
11
95.447500
21
446.143000
0
LINE
8
Layer 1
10
95.447500
20
446.143000
11
95.571000
21
445.973000
0
LINE
8
Layer 1
10
95.571000
20
445.973000
11
95.614700
21
445.768000
0
LINE
8
Layer 1
10
95.614700
20
445.768000
11
95.571000
21
445.562000
0
LINE
8
Layer 1
10
95.571000
20
445.562000
11
95.447500
21
445.392000
0
LINE
8
Layer 1
10
95.447500
20
445.392000
11
95.265400
21
445.287000
0
LINE
8
Layer 1
10
95.265400
20
445.287000
11
95.056400
21
445.265000
0
LINE
8
Layer 1
10
95.056400
20
445.265000
11
94.856500
21
445.330000
0
LINE
8
Layer 1
10
68.591000
20
444.917000
11
68.434800
21
445.058000
0
LINE
8
Layer 1
10
68.434800
20
445.058000
11
68.349300
21
445.250000
0
LINE
8
Layer 1
10
68.349300
20
445.250000
11
68.349300
21
445.460000
0
LINE
8
Layer 1
10
68.349300
20
445.460000
11
68.434800
21
445.652000
0
LINE
8
Layer 1
10
68.434800
20
445.652000
11
68.591000
21
445.793000
0
LINE
8
Layer 1
10
68.591000
20
445.793000
11
68.790800
21
445.858000
0
LINE
8
Layer 1
10
68.790800
20
445.858000
11
68.999900
21
445.836000
0
LINE
8
Layer 1
10
68.999900
20
445.836000
11
69.181900
21
445.731000
0
LINE
8
Layer 1
10
69.181900
20
445.731000
11
69.305400
21
445.561000
0
LINE
8
Layer 1
10
69.305400
20
445.561000
11
69.349100
21
445.355000
0
LINE
8
Layer 1
10
69.349100
20
445.355000
11
69.305400
21
445.149000
0
LINE
8
Layer 1
10
69.305400
20
445.149000
11
69.181900
21
444.979000
0
LINE
8
Layer 1
10
69.181900
20
444.979000
11
68.999900
21
444.874000
0
LINE
8
Layer 1
10
68.999900
20
444.874000
11
68.790800
21
444.852000
0
LINE
8
Layer 1
10
68.790800
20
444.852000
11
68.591000
21
444.917000
0
LINE
8
Layer 1
10
92.492400
20
444.917000
11
92.336200
21
445.058000
0
LINE
8
Layer 1
10
92.336200
20
445.058000
11
92.250700
21
445.250000
0
LINE
8
Layer 1
10
92.250700
20
445.250000
11
92.250700
21
445.460000
0
LINE
8
Layer 1
10
92.250700
20
445.460000
11
92.336200
21
445.652000
0
LINE
8
Layer 1
10
92.336200
20
445.652000
11
92.492400
21
445.793000
0
LINE
8
Layer 1
10
92.492400
20
445.793000
11
92.692200
21
445.858000
0
LINE
8
Layer 1
10
92.692200
20
445.858000
11
92.901300
21
445.836000
0
LINE
8
Layer 1
10
92.901300
20
445.836000
11
93.083300
21
445.731000
0
LINE
8
Layer 1
10
93.083300
20
445.731000
11
93.206800
21
445.561000
0
LINE
8
Layer 1
10
93.206800
20
445.561000
11
93.250500
21
445.355000
0
LINE
8
Layer 1
10
93.250500
20
445.355000
11
93.206800
21
445.149000
0
LINE
8
Layer 1
10
93.206800
20
445.149000
11
93.083300
21
444.979000
0
LINE
8
Layer 1
10
93.083300
20
444.979000
11
92.901300
21
444.874000
0
LINE
8
Layer 1
10
92.901300
20
444.874000
11
92.692200
21
444.852000
0
LINE
8
Layer 1
10
92.692200
20
444.852000
11
92.492400
21
444.917000
0
LINE
8
Layer 1
10
70.966900
20
444.579000
11
70.810700
21
444.720000
0
LINE
8
Layer 1
10
70.810700
20
444.720000
11
70.725200
21
444.912000
0
LINE
8
Layer 1
10
70.725200
20
444.912000
11
70.725200
21
445.122000
0
LINE
8
Layer 1
10
70.725200
20
445.122000
11
70.810700
21
445.314000
0
LINE
8
Layer 1
10
70.810700
20
445.314000
11
70.966900
21
445.454000
0
LINE
8
Layer 1
10
70.966900
20
445.454000
11
71.166800
21
445.519000
0
LINE
8
Layer 1
10
71.166800
20
445.519000
11
71.375800
21
445.497000
0
LINE
8
Layer 1
10
71.375800
20
445.497000
11
71.557800
21
445.392000
0
LINE
8
Layer 1
10
71.557800
20
445.392000
11
71.681400
21
445.222000
0
LINE
8
Layer 1
10
71.681400
20
445.222000
11
71.725100
21
445.017000
0
LINE
8
Layer 1
10
71.725100
20
445.017000
11
71.681400
21
444.811000
0
LINE
8
Layer 1
10
71.681400
20
444.811000
11
71.557800
21
444.641000
0
LINE
8
Layer 1
10
71.557800
20
444.641000
11
71.375800
21
444.536000
0
LINE
8
Layer 1
10
71.375800
20
444.536000
11
71.166800
21
444.514000
0
LINE
8
Layer 1
10
71.166800
20
444.514000
11
70.966900
21
444.579000
0
LINE
8
Layer 1
10
90.116400
20
444.579000
11
89.960200
21
444.720000
0
LINE
8
Layer 1
10
89.960200
20
444.720000
11
89.874700
21
444.912000
0
LINE
8
Layer 1
10
89.874700
20
444.912000
11
89.874700
21
445.122000
0
LINE
8
Layer 1
10
89.874700
20
445.122000
11
89.960200
21
445.314000
0
LINE
8
Layer 1
10
89.960200
20
445.314000
11
90.116400
21
445.454000
0
LINE
8
Layer 1
10
90.116400
20
445.454000
11
90.316300
21
445.519000
0
LINE
8
Layer 1
10
90.316300
20
445.519000
11
90.525300
21
445.497000
0
LINE
8
Layer 1
10
90.525300
20
445.497000
11
90.707300
21
445.392000
0
LINE
8
Layer 1
10
90.707300
20
445.392000
11
90.830900
21
445.222000
0
LINE
8
Layer 1
10
90.830900
20
445.222000
11
90.874500
21
445.017000
0
LINE
8
Layer 1
10
90.874500
20
445.017000
11
90.830900
21
444.811000
0
LINE
8
Layer 1
10
90.830900
20
444.811000
11
90.707300
21
444.641000
0
LINE
8
Layer 1
10
90.707300
20
444.641000
11
90.525300
21
444.536000
0
LINE
8
Layer 1
10
90.525300
20
444.536000
11
90.316300
21
444.514000
0
LINE
8
Layer 1
10
90.316300
20
444.514000
11
90.116400
21
444.579000
0
LINE
8
Layer 1
10
73.352300
20
444.316000
11
73.196100
21
444.456000
0
LINE
8
Layer 1
10
73.196100
20
444.456000
11
73.110600
21
444.648000
0
LINE
8
Layer 1
10
73.110600
20
444.648000
11
73.110600
21
444.858000
0
LINE
8
Layer 1
10
73.110600
20
444.858000
11
73.196100
21
445.051000
0
LINE
8
Layer 1
10
73.196100
20
445.051000
11
73.352300
21
445.191000
0
LINE
8
Layer 1
10
73.352300
20
445.191000
11
73.552200
21
445.256000
0
LINE
8
Layer 1
10
73.552200
20
445.256000
11
73.761200
21
445.234000
0
LINE
8
Layer 1
10
73.761200
20
445.234000
11
73.943300
21
445.129000
0
LINE
8
Layer 1
10
73.943300
20
445.129000
11
74.066800
21
444.959000
0
LINE
8
Layer 1
10
74.066800
20
444.959000
11
74.110500
21
444.753000
0
LINE
8
Layer 1
10
74.110500
20
444.753000
11
74.066800
21
444.548000
0
LINE
8
Layer 1
10
74.066800
20
444.548000
11
73.943300
21
444.378000
0
LINE
8
Layer 1
10
73.943300
20
444.378000
11
73.761200
21
444.273000
0
LINE
8
Layer 1
10
73.761200
20
444.273000
11
73.552200
21
444.251000
0
LINE
8
Layer 1
10
73.552200
20
444.251000
11
73.352300
21
444.316000
0
LINE
8
Layer 1
10
87.731000
20
444.316000
11
87.574800
21
444.456000
0
LINE
8
Layer 1
10
87.574800
20
444.456000
11
87.489300
21
444.648000
0
LINE
8
Layer 1
10
87.489300
20
444.648000
11
87.489300
21
444.858000
0
LINE
8
Layer 1
10
87.489300
20
444.858000
11
87.574800
21
445.051000
0
LINE
8
Layer 1
10
87.574800
20
445.051000
11
87.731000
21
445.191000
0
LINE
8
Layer 1
10
87.731000
20
445.191000
11
87.930800
21
445.256000
0
LINE
8
Layer 1
10
87.930800
20
445.256000
11
88.139900
21
445.234000
0
LINE
8
Layer 1
10
88.139900
20
445.234000
11
88.321900
21
445.129000
0
LINE
8
Layer 1
10
88.321900
20
445.129000
11
88.445400
21
444.959000
0
LINE
8
Layer 1
10
88.445400
20
444.959000
11
88.489100
21
444.753000
0
LINE
8
Layer 1
10
88.489100
20
444.753000
11
88.445400
21
444.548000
0
LINE
8
Layer 1
10
88.445400
20
444.548000
11
88.321900
21
444.378000
0
LINE
8
Layer 1
10
88.321900
20
444.378000
11
88.139900
21
444.273000
0
LINE
8
Layer 1
10
88.139900
20
444.273000
11
87.930800
21
444.251000
0
LINE
8
Layer 1
10
87.930800
20
444.251000
11
87.731000
21
444.316000
0
LINE
8
Layer 1
10
75.744800
20
444.127000
11
75.588600
21
444.268000
0
LINE
8
Layer 1
10
75.588600
20
444.268000
11
75.503100
21
444.460000
0
LINE
8
Layer 1
10
75.503100
20
444.460000
11
75.503100
21
444.670000
0
LINE
8
Layer 1
10
75.503100
20
444.670000
11
75.588600
21
444.862000
0
LINE
8
Layer 1
10
75.588600
20
444.862000
11
75.744800
21
445.003000
0
LINE
8
Layer 1
10
75.744800
20
445.003000
11
75.944700
21
445.068000
0
LINE
8
Layer 1
10
75.944700
20
445.068000
11
76.153700
21
445.046000
0
LINE
8
Layer 1
10
76.153700
20
445.046000
11
76.335800
21
444.941000
0
LINE
8
Layer 1
10
76.335800
20
444.941000
11
76.459300
21
444.771000
0
LINE
8
Layer 1
10
76.459300
20
444.771000
11
76.503000
21
444.565000
0
LINE
8
Layer 1
10
76.503000
20
444.565000
11
76.459300
21
444.360000
0
LINE
8
Layer 1
10
76.459300
20
444.360000
11
76.335800
21
444.190000
0
LINE
8
Layer 1
10
76.335800
20
444.190000
11
76.153700
21
444.084000
0
LINE
8
Layer 1
10
76.153700
20
444.084000
11
75.944700
21
444.062000
0
LINE
8
Layer 1
10
75.944700
20
444.062000
11
75.744800
21
444.127000
0
LINE
8
Layer 1
10
85.338500
20
444.127000
11
85.182300
21
444.268000
0
LINE
8
Layer 1
10
85.182300
20
444.268000
11
85.096800
21
444.460000
0
LINE
8
Layer 1
10
85.096800
20
444.460000
11
85.096800
21
444.670000
0
LINE
8
Layer 1
10
85.096800
20
444.670000
11
85.182300
21
444.862000
0
LINE
8
Layer 1
10
85.182300
20
444.862000
11
85.338500
21
445.003000
0
LINE
8
Layer 1
10
85.338500
20
445.003000
11
85.538300
21
445.068000
0
LINE
8
Layer 1
10
85.538300
20
445.068000
11
85.747400
21
445.046000
0
LINE
8
Layer 1
10
85.747400
20
445.046000
11
85.929400
21
444.941000
0
LINE
8
Layer 1
10
85.929400
20
444.941000
11
86.052900
21
444.771000
0
LINE
8
Layer 1
10
86.052900
20
444.771000
11
86.096600
21
444.565000
0
LINE
8
Layer 1
10
86.096600
20
444.565000
11
86.052900
21
444.360000
0
LINE
8
Layer 1
10
86.052900
20
444.360000
11
85.929400
21
444.190000
0
LINE
8
Layer 1
10
85.929400
20
444.190000
11
85.747400
21
444.084000
0
LINE
8
Layer 1
10
85.747400
20
444.084000
11
85.538300
21
444.062000
0
LINE
8
Layer 1
10
85.538300
20
444.062000
11
85.338500
21
444.127000
0
LINE
8
Layer 1
10
78.142100
20
444.014000
11
77.985900
21
444.155000
0
LINE
8
Layer 1
10
77.985900
20
444.155000
11
77.900400
21
444.347000
0
LINE
8
Layer 1
10
77.900400
20
444.347000
11
77.900400
21
444.557000
0
LINE
8
Layer 1
10
77.900400
20
444.557000
11
77.985900
21
444.749000
0
LINE
8
Layer 1
10
77.985900
20
444.749000
11
78.142100
21
444.890000
0
LINE
8
Layer 1
10
78.142100
20
444.890000
11
78.341900
21
444.955000
0
LINE
8
Layer 1
10
78.341900
20
444.955000
11
78.551000
21
444.933000
0
LINE
8
Layer 1
10
78.551000
20
444.933000
11
78.733000
21
444.828000
0
LINE
8
Layer 1
10
78.733000
20
444.828000
11
78.856500
21
444.658000
0
LINE
8
Layer 1
10
78.856500
20
444.658000
11
78.900200
21
444.452000
0
LINE
8
Layer 1
10
78.900200
20
444.452000
11
78.856500
21
444.246000
0
LINE
8
Layer 1
10
78.856500
20
444.246000
11
78.733000
21
444.076000
0
LINE
8
Layer 1
10
78.733000
20
444.076000
11
78.551000
21
443.971000
0
LINE
8
Layer 1
10
78.551000
20
443.971000
11
78.341900
21
443.949000
0
LINE
8
Layer 1
10
78.341900
20
443.949000
11
78.142100
21
444.014000
0
LINE
8
Layer 1
10
82.941300
20
444.014000
11
82.785100
21
444.155000
0
LINE
8
Layer 1
10
82.785100
20
444.155000
11
82.699600
21
444.347000
0
LINE
8
Layer 1
10
82.699600
20
444.347000
11
82.699600
21
444.557000
0
LINE
8
Layer 1
10
82.699600
20
444.557000
11
82.785100
21
444.749000
0
LINE
8
Layer 1
10
82.785100
20
444.749000
11
82.941300
21
444.890000
0
LINE
8
Layer 1
10
82.941300
20
444.890000
11
83.141100
21
444.955000
0
LINE
8
Layer 1
10
83.141100
20
444.955000
11
83.350200
21
444.933000
0
LINE
8
Layer 1
10
83.350200
20
444.933000
11
83.532200
21
444.828000
0
LINE
8
Layer 1
10
83.532200
20
444.828000
11
83.655700
21
444.658000
0
LINE
8
Layer 1
10
83.655700
20
444.658000
11
83.699400
21
444.452000
0
LINE
8
Layer 1
10
83.699400
20
444.452000
11
83.655700
21
444.246000
0
LINE
8
Layer 1
10
83.655700
20
444.246000
11
83.532200
21
444.076000
0
LINE
8
Layer 1
10
83.532200
20
444.076000
11
83.350200
21
443.971000
0
LINE
8
Layer 1
10
83.350200
20
443.971000
11
83.141100
21
443.949000
0
LINE
8
Layer 1
10
83.141100
20
443.949000
11
82.941300
21
444.014000
0
LINE
8
Layer 1
10
80.541700
20
443.977000
11
80.385500
21
444.117000
0
LINE
8
Layer 1
10
80.385500
20
444.117000
11
80.300000
21
444.309000
0
LINE
8
Layer 1
10
80.300000
20
444.309000
11
80.300000
21
444.519000
0
LINE
8
Layer 1
10
80.300000
20
444.519000
11
80.385500
21
444.711000
0
LINE
8
Layer 1
10
80.385500
20
444.711000
11
80.541700
21
444.852000
0
LINE
8
Layer 1
10
80.541700
20
444.852000
11
80.741500
21
444.917000
0
LINE
8
Layer 1
10
80.741500
20
444.917000
11
80.950600
21
444.895000
0
LINE
8
Layer 1
10
80.950600
20
444.895000
11
81.132600
21
444.790000
0
LINE
8
Layer 1
10
81.132600
20
444.790000
11
81.256100
21
444.620000
0
LINE
8
Layer 1
10
81.256100
20
444.620000
11
81.299800
21
444.414000
0
LINE
8
Layer 1
10
81.299800
20
444.414000
11
81.256100
21
444.209000
0
LINE
8
Layer 1
10
81.256100
20
444.209000
11
81.132600
21
444.039000
0
LINE
8
Layer 1
10
81.132600
20
444.039000
11
80.950600
21
443.934000
0
LINE
8
Layer 1
10
80.950600
20
443.934000
11
80.741500
21
443.912000
0
LINE
8
Layer 1
10
80.741500
20
443.912000
11
80.541700
21
443.977000
 0 
ENDSEC
 0 
EOF